timeTick, roll, pitch, yaw, stateX, stateY, stateZ, stateVX, stateVY, stateVZ, otX0, otY0, otZ0, otRoll0, otPitch0, otYaw0, left wing, pitch motor, yaw motor, right wing, voltage, roll rate, pitch rate, yaw rate, A_x, A_y, A_z, current, i_raw, v_raw, airflow_voltage, airflow_speed, pot_Pitch
46201, 3.6474950313568115, 12.84606647491455, -6.566993236541748, 0, 0, 0, 0, 0, 0, -0.04773366451263428, 0.11843305826187134, 0.23941953480243683, -1.234993299828399, -1.1984138479305102, 20.341817367748227, 0, 0, 0, 0, 0, 0, 0, 0, 0, 0, 0, 0, 0, 0, 0, 0, 0
46211, 3.6474907398223877, 12.845959663391113, -6.567012786865234, 0.012535380199551582, 0.002084203064441681, -35.072174072265625, 0.26882579922676086, 0.04469794034957886, -1.541506052017212, -0.04777813330292702, 0.11851208657026291, 0.2394869029521942, -1.4270007216102543, -1.1446860711147337, 20.34738325238273, 9362.0, 17039.0, 35388.0, 9362.0, 0, 0, 0, 0, 0, 0, 0, 0, 0, 0, 0, 0, 0
46221, 3.6463918685913086, 12.847638130187988, -6.565901279449463, 0.015112292021512985, 0.002512686187401414, -35.08760452270508, 0.24655663967132568, 0.04099871218204498, -1.544447422027588, -0.047720104455947876, 0.11844030022621155, 0.23944047093391418, -1.2224255321521111, -1.2403178621493396, 20.348208900432493, 9362.0, 17039.0, 35388.0, 9362.0, 7.933885097503662, 0.1344202309846878, -0.10473112016916275, 0.17484813928604126, 0.02003316394984722, -0.07811839133501053, 0.9970878958702087, -0.05227940157055855, -0.05751800537109375, 1.4912109375, 0, 0, 0
46231, 3.6452081203460693, 12.84835147857666, -6.564169406890869, 0.017466401681303978, 0.002904158551245928, -35.10306167602539, 0.22426541149616241, 0.03729533031582832, -1.5472930669784546, -0.04773235321044922, 0.11844903975725174, 0.2394401580095291, -1.242717310339771, -1.1930726565477983, 20.335321725011767, 9362.0, 17039.0, 35388.0, 9362.0, 7.933885097503662, -0.09966397285461426, 0.0024789180606603622, 0.18822507560253143, 0.019815657287836075, -0.07782569527626038, 0.9972304105758667, -0.053933560848236084, -0.05751800537109375, 1.4912109375, 1.02392578125, 2.4796295166015625, 1.160888671875
46241, 3.644123077392578, 12.848672866821289, -6.563473224639893, 0.019597694277763367, 0.0032586234156042337, -35.11854934692383, 0.20199306309223175, 0.03359702229499817, -1.5502309799194336, -0.0477273054420948, 0.11843043565750122, 0.23945428431034088, -1.2467464400258625, -1.2124953086734536, 20.348879330826552, 9362.0, 17039.0, 35388.0, 9362.0, 7.933885097503662, -0.012742015533149242, 0.0016944208182394505, 0.14747115969657898, 0.021120918914675713, -0.07519351691007614, 0.9979945421218872, -0.06138363108038902, -0.10231781005859375, 1.487548828125, 1.03125, 2.3380126953125, 1.18798828125
46251, 3.645746946334839, 12.849806785583496, -6.564805507659912, 0.02150622569024563, 0.0035761073231697083, -35.13406753540039, 0.1797131448984146, 0.02989950403571129, -1.5531401634216309, -0.047736600041389465, 0.1184491440653801, 0.2394305169582367, -1.2426035561462945, -1.2056132622355165, 20.32277836230001, 9362.0, 17039.0, 35388.0, 9362.0, 7.9140496253967285, 0.07880868017673492, -0.029454821720719337, -0.11045540869235992, 0.019572937861084938, -0.074232317507267, 0.9987298846244812, -0.06751882284879684, -0.10231781005859375, 1.487548828125, 1.029052734375, 2.3798828125, 1.17041015625
46261, 3.645622968673706, 12.852754592895508, -6.565752029418945, 0.02319180965423584, 0.003856599796563387, -35.14961242675781, 0.15740375220775604, 0.02619943767786026, -1.5559253692626953, -0.04773831367492676, 0.11843516677618027, 0.23943595588207245, -1.2533539300129592, -1.1881976186781458, 20.333893543612298, 9362.0, 17039.0, 35388.0, 9362.0, 7.9140496253967285, -0.07908666878938675, -0.266897976398468, -0.1804555207490921, 0.0204385444521904, -0.07441939413547516, 0.9955771565437317, -0.07499584555625916, -0.10231781005859375, 1.487548828125, 1.043701171875, 2.110137939453125, 1.162353515625
46271, 3.644307851791382, 12.852339744567871, -6.5633978843688965, 0.024654418230056763, 0.004100102931261063, -35.16518783569336, 0.13511812686920166, 0.022501569241285324, -1.558822512626648, -0.046890515834093094, 0.11803624033927917, 0.24086244404315948, -1.0693159676194257, -1.9946821423861536, 20.444830385043822, 9362.0, 17039.0, 35388.0, 9362.0, 7.9140496253967285, -0.08007839322090149, 0.04996584728360176, 0.22080135345458984, 0.019314775243401527, -0.07562082260847092, 0.996441125869751, -0.07966775447130203, -0.06647872924804688, 1.490478515625, 1.031982421875, 2.324127197265625, 1.16162109375
46281, 3.6433773040771484, 12.855180740356445, -6.561435699462891, 0.02589433081448078, 0.0043066637590527534, -35.180789947509766, 0.11286468803882599, 0.018809763714671135, -1.561877727508545, -0.04689432308077812, 0.1180441603064537, 0.240820974111557, -1.0871248445299944, -2.0521573967220945, 20.44558179918216, 9362.0, 17039.0, 35388.0, 9362.0, 7.9140496253967285, -0.0443437322974205, -0.14324705302715302, 0.3916248381137848, 0.01921161077916622, -0.07819493860006332, 0.9969532489776611, -0.08660752326250076, -0.10231781005859375, 1.487548828125, 1.024658203125, 2.4651947021484375, 1.159423828125
46291, 3.6436219215393066, 12.854390144348145, -6.562044143676758, 0.026911653578281403, 0.004476302769035101, -35.1964225769043, 0.09059994667768478, 0.015117253176867962, -1.5648809671401978, -0.047732509672641754, 0.11843043565750122, 0.2394265979528427, -1.2768806621070576, -1.207441033419741, 20.346230829914077, 9362.0, 17039.0, 35388.0, 9362.0, 7.9140496253967285, -0.1576821506023407, 0.06250274181365967, 0.09707047790288925, 0.019467120990157127, -0.07518021762371063, 0.997968852519989, -0.06858238577842712, 0.08584022521972656, 1.5029296875, 1.026123046875, 2.4365234375, 1.1630859375
46301, 3.6427860260009766, 12.852688789367676, -6.561681747436523, 0.02770618349313736, 0.004609002731740475, -35.21208572387695, 0.06830597668886185, 0.011423004791140556, -1.5677785873413086, -0.04773496091365814, 0.11844546347856522, 0.2393767386674881, -1.1313969718023125, -1.2087989316994765, 20.34680561859389, 9362.0, 17039.0, 35388.0, 9362.0, 7.9140496253967285, -0.2300080806016922, 0.18194778263568878, 0.14672183990478516, 0.021070940420031548, -0.07651270925998688, 0.9972646236419678, -0.07266025990247726, -0.11127853393554688, 1.48681640625, 1.030517578125, 2.3518829345703125, 1.166748046875
46311, 3.6424243450164795, 12.851208686828613, -6.56091833114624, 0.028277719393372536, 0.004704748746007681, -35.227779388427734, 0.046001117676496506, 0.007726093288511038, -1.5706244707107544, -0.04775508493185043, 0.11852478981018066, 0.23948976397514343, -1.4042645735533335, -1.2193269638066226, 20.33660276685499, 9362.0, 17039.0, 35388.0, 9362.0, 7.9140496253967285, 0.09753603488206863, -0.035061419010162354, -0.020466633141040802, 0.02031361497938633, -0.07609320431947708, 0.9963518381118774, -0.06344825029373169, 0.07688140869140625, 1.502197265625, 1.0751953125, 1.6026458740234375, 1.18359375
46321, 3.6421265602111816, 12.850518226623535, -6.559179306030273, 0.028626378625631332, 0.004763556178659201, -35.243499755859375, 0.02373056858778, 0.004035131074488163, -1.5736029148101807, -0.04773653298616409, 0.1184445321559906, 0.23942960798740387, -1.2479863829246534, -1.2619864445137239, 20.344864952279256, 9362.0, 17039.0, 35388.0, 9362.0, 7.933885097503662, -0.1510494202375412, 0.3614024519920349, 0.2785520851612091, 0.019781803712248802, -0.07471247762441635, 0.9968119859695435, -0.06558411568403244, -0.09335899353027344, 1.48828125, 1.095703125, 1.3213653564453125, 1.160888671875
46331, 3.642493963241577, 12.851131439208984, -6.561079978942871, 0.028752358630299568, 0.004785456694662571, -35.25925064086914, 0.0014656567946076393, 0.00034432331449352205, -1.5765941143035889, -0.0477234348654747, 0.11845046281814575, 0.23942647874355316, -1.2215389745077536, -1.1722732398066285, 20.353550861964784, 9362.0, 17039.0, 35388.0, 9362.0, 7.9140496253967285, -0.07245265692472458, -0.22486326098442078, -0.20549768209457397, 0.01995176263153553, -0.0770396813750267, 0.9945883750915527, -0.069587841629982, -0.10231781005859375, 1.487548828125, 1.071533203125, 1.656829833984375, 1.106689453125
46341, 3.6423561573028564, 12.84987735748291, -6.56148624420166, 0.0286557599902153, 0.004770458210259676, -35.27503204345703, -0.02078535594046116, -0.003343290416523814, -1.5796394348144531, -0.04688754305243492, 0.1180175170302391, 0.24083967506885529, -1.0540055898205178, -2.050979541177554, 20.452590384270437, 9362.0, 17039.0, 35388.0, 9362.0, 7.9140496253967285, 0.02930169552564621, 0.055270303040742874, -0.07500094920396805, 0.019304176792502403, -0.07792070508003235, 0.9960931539535522, -0.07538080960512161, -0.07543754577636719, 1.48974609375, 1.072998046875, 1.6350555419921875, 1.16162109375
46351, 3.642341136932373, 12.84975528717041, -6.561389923095703, 0.02833675593137741, 0.004718603100627661, -35.29084396362305, -0.043015677481889725, -0.007027583662420511, -1.5827783346176147, -0.04774243384599686, 0.11845909059047699, 0.23941917717456818, -1.2390836283394828, -1.1603623457906735, 20.335438803973187, 9362.0, 17039.0, 35388.0, 9362.0, 7.933885097503662, -0.03650159016251564, 0.08774388581514359, 0.275432288646698, 0.01915476657450199, -0.07719086855649948, 0.9954332709312439, -0.07907287031412125, -0.08439826965332031, 1.489013671875, 1.078125, 1.5602264404296875, 1.1630859375
46361, 3.6430306434631348, 12.848862648010254, -6.560445308685303, 0.02779530920088291, 0.0046298811212182045, -35.30668640136719, -0.06527374684810638, -0.010716897435486317, -1.585789680480957, -0.04773062467575073, 0.11843889206647873, 0.23945219814777374, -1.2046085314654709, -1.2421122056015292, 20.328172713552803, 9362.0, 17039.0, 35388.0, 9362.0, 7.933885097503662, -0.023314202204346657, 0.21030697226524353, 0.2406565546989441, 0.019305039197206497, -0.07682912051677704, 0.9944967031478882, -0.08180409669876099, -0.08439826965332031, 1.489013671875, 1.0751953125, 1.6026458740234375, 1.159423828125
46371, 3.642334461212158, 12.845240592956543, -6.5592875480651855, 0.02703140117228031, 0.004504285287111998, -35.32255935668945, -0.08750792592763901, -0.014402676373720169, -1.5889012813568115, -0.04769034683704376, 0.11844614893198013, 0.2394942194223404, -1.2132062716686545, -1.2798478356907879, 20.345306356310235, 9362.0, 17039.0, 35388.0, 9362.0, 7.9140496253967285, -0.01729452796280384, 0.41936156153678894, 0.19222912192344666, 0.021205030381679535, -0.0755608007311821, 0.9973483681678772, -0.08577535301446915, -0.1291980743408203, 1.4853515625, 1.0751953125, 1.6026458740234375, 1.163818359375
46381, 3.6435437202453613, 12.845414161682129, -6.559064865112305, 0.026045119389891624, 0.004341816995292902, -35.338462829589844, -0.10974834114313126, -0.01809142716228962, -1.591979742050171, -0.04688459634780884, 0.11803732067346573, 0.24086719751358032, -1.0365808615192187, -2.129236330453409, 20.43147811914191, 9362.0, 17039.0, 35388.0, 9362.0, 7.933885097503662, 0.11478275805711746, 0.16320009529590607, 0.117381252348423, 0.017847193405032158, -0.07649993896484375, 0.9980484247207642, -0.08702261745929718, -0.05751800537109375, 1.4912109375, 1.08251953125, 1.497955322265625, 1.162353515625
46391, 3.6430583000183105, 12.84422492980957, -6.559643745422363, 0.02483627013862133, 0.004142428748309612, -35.35439682006836, -0.1320214718580246, -0.021786324679851532, -1.59489107131958, -0.04772552102804184, 0.11845327168703079, 0.2394457310438156, -1.25435836603225, -1.2049988546828843, 20.331441882815252, 9362.0, 17039.0, 35388.0, 9362.0, 7.9140496253967285, 0.02359461784362793, 0.20594114065170288, -0.018432235345244408, 0.019971230998635292, -0.07521375268697739, 0.998242974281311, -0.059213705360889435, 0.09480094909667969, 1.503662109375, 1.114013671875, 1.10015869140625, 1.162353515625
46401, 3.643718719482422, 12.844320297241211, -6.558773994445801, 0.02340455912053585, 0.003906059777364135, -35.370361328125, -0.15432098507881165, -0.025487223640084267, -1.5976923704147339, -0.04775000736117363, 0.11843922734260559, 0.2394067645072937, -1.2928840745388528, -1.2040929684253854, 20.35581663902367, 9362.0, 17039.0, 35388.0, 9362.0, 7.933885097503662, 0.20409037172794342, -0.08575807511806488, 0.1331780105829239, 0.019155321642756462, -0.07604455947875977, 0.9945231676101685, -0.053591422736644745, -0.07543754577636719, 1.48974609375, 1.08837890625, 1.4176025390625, 1.1630859375
46411, 3.6431548595428467, 12.847212791442871, -6.560153961181641, 0.021750060841441154, 0.0036327189300209284, -35.3863525390625, -0.17657862603664398, -0.02918132208287716, -1.6006629467010498, -0.047738585621118546, 0.11843690276145935, 0.23940981924533844, -1.2555701222734383, -1.2033960341055376, 20.337481518845458, 9362.0, 17039.0, 35388.0, 9362.0, 7.9140496253967285, -0.16224005818367004, -0.5339046716690063, 0.03097565472126007, 0.019849566742777824, -0.07536426931619644, 0.9941325187683105, -0.06355538964271545, -0.12023735046386719, 1.486083984375, 1.07080078125, 1.667816162109375, 1.15869140625
46421, 3.6426634788513184, 12.845648765563965, -6.558538436889648, 0.019873179495334625, 0.00332246208563447, -35.402374267578125, -0.19879761338233948, -0.03286951035261154, -1.6038010120391846, -0.04775357246398926, 0.11844884604215622, 0.239392951130867, -1.302450533957954, -1.099934316798283, 20.34181111079496, 9362.0, 17039.0, 35388.0, 9362.0, 7.933885097503662, -0.07794985920190811, -0.05511528626084328, -0.03874167427420616, 0.02038399502635002, -0.07623421400785446, 0.9950761795043945, -0.06827849894762039, -0.13815879821777344, 1.484619140625, 1.0751953125, 1.6026458740234375, 1.159423828125
46431, 3.6436283588409424, 12.844773292541504, -6.559488296508789, 0.017774159088730812, 0.0029753458220511675, -35.418426513671875, -0.2210065871477127, -0.03655434399843216, -1.6070021390914917, -0.04688498377799988, 0.11802619695663452, 0.24086861312389374, -1.0449364235668632, -2.0787001948384045, 20.4481682169379, 9362.0, 17039.0, 35388.0, 9362.0, 7.9140496253967285, 0.11276816576719284, -0.16846603155136108, -0.012888704426586628, 0.019590865820646286, -0.07702561467885971, 0.9967592358589172, -0.07329686731100082, -0.10231781005859375, 1.487548828125, 1.07373046875, 1.62420654296875, 1.162353515625
46441, 3.64261531829834, 12.841726303100586, -6.559236526489258, 0.01545291393995285, 0.0025913561694324017, -35.434513092041016, -0.24324245750904083, -0.0402432344853878, -1.610075831413269, -0.047760751098394394, 0.11844363063573837, 0.2393987476825714, -1.2678839694260056, -1.11970006327752, 20.342304260997008, 9362.0, 17039.0, 35388.0, 9362.0, 7.9140496253967285, -0.12463872134685516, 0.02805998921394348, -0.028881242498755455, 0.01706687919795513, -0.07410067319869995, 0.995972752571106, -0.08002312481403351, -0.11127853393554688, 1.48681640625, 1.07958984375, 1.539276123046875, 1.166015625
46451, 3.643156051635742, 12.838964462280273, -6.559560775756836, 0.01290922611951828, 0.0021704554092139006, -35.45063018798828, -0.2654953896999359, -0.043936945497989655, -1.613071084022522, -0.04773002117872238, 0.11844746023416519, 0.2394329458475113, -1.20308223285219, -1.224908274908131, 20.35108442585144, 9362.0, 17039.0, 35388.0, 9362.0, 7.933885097503662, 0.15735876560211182, 0.225666344165802, -0.12422510236501694, 0.01932232454419136, -0.07618747651576996, 0.995867133140564, -0.08032327890396118, -0.05751800537109375, 1.4912109375, 1.071533203125, 1.656829833984375, 1.1923828125
46461, 3.643702507019043, 12.840182304382324, -6.560128211975098, 0.010143041610717773, 0.0017126239836215973, -35.46677780151367, -0.28774166107177734, -0.0476292185485363, -1.616071343421936, -0.04773730784654617, 0.11845048516988754, 0.23943190276622772, -1.265672342781238, -1.2182984925467792, 20.32612363744203, 9362.0, 17039.0, 35388.0, 9362.0, 7.9140496253967285, 0.1799536645412445, -0.06743957847356796, -0.1574517786502838, 0.019398901611566544, -0.07455836236476898, 0.9960329532623291, -0.08484356105327606, -0.14711761474609375, 1.48388671875, 1.075927734375, 1.5919647216796875, 1.16162109375
46471, 3.644540548324585, 12.840347290039062, -6.5588860511779785, 0.007154467515647411, 0.0012178717879578471, -35.48295211791992, -0.30997300148010254, -0.051321037113666534, -1.619115948677063, -0.04688311368227005, 0.11803556233644485, 0.24084438383579254, -1.0494369171201074, -2.093140848490009, 20.434817372873585, 9362.0, 17039.0, 35388.0, 9362.0, 7.933885097503662, 0.3010501265525818, -0.07103288173675537, 0.013831967487931252, 0.01864735409617424, -0.07633496075868607, 0.9972617030143738, -0.09010060131549835, -0.05751800537109375, 1.4912109375, 1.078125, 1.5602264404296875, 1.159423828125
46581, 3.6399600505828857, 12.832013130187988, -6.548605918884277, -0.02476152591407299, -0.0040705096907913685, -35.61343765258789, -0.48782676458358765, -0.08087294548749924, -1.6433402299880981, -0.047745704650878906, 0.11846525967121124, 0.23939533531665802, -1.2720317333064048, -1.1685964778715174, 20.35585015795009, 9362.0, 17039.0, 35388.0, 9362.0, 7.9140496253967285, 0.14732426404953003, -0.15846888720989227, 0.2414679229259491, 0.020508237183094025, -0.07489947974681854, 0.9988839030265808, -0.09160026907920837, -0.06647872924804688, 1.490478515625, 1.072265625, 1.6459503173828125, 1.1630859375
46701, 3.634708881378174, 12.833574295043945, -6.537191390991211, -0.10697432607412338, -0.01770617999136448, -35.829559326171875, -0.7769050598144531, -0.12889625132083893, -1.681857943534851, -0.047739192843437195, 0.11843220889568329, 0.2394535392522812, -1.2262591348710445, -1.2017099758774918, 20.34152877619248, 9362.0, 17039.0, 35388.0, 9362.0, 7.933885097503662, 0.09839679300785065, -0.24800685048103333, -0.29761502146720886, 0.020066609606146812, -0.07778040319681168, 0.9961133599281311, -0.07286021113395691, -0.1291980743408203, 1.4853515625, 1.07666015625, 1.58135986328125, 1.16455078125
46891, 3.63773775100708, 12.834346771240234, -6.534890651702881, -0.2947155833244324, -0.048854924738407135, -36.15449523925781, -1.199315071105957, -0.19900092482566833, -1.7384475469589233, -0.04687729850411415, 0.118032306432724, 0.24080882966518402, -1.0290608304778661, -2.043123594373327, 20.43421301379586, 9362.0, 17039.0, 35388.0, 9362.0, 7.9140496253967285, -0.02945827506482601, -0.258881151676178, -0.05387433245778084, 0.02059577964246273, -0.07589321583509445, 0.9976909756660461, -0.08732803165912628, -0.10231781005859375, 1.487548828125, 1.26123046875, 0.129302978515625, 1.159423828125
47011, 3.6369402408599854, 12.831839561462402, -6.5297064781188965, -0.4257635474205017, -0.07060229778289795, -36.32982635498047, -1.4216171503067017, -0.23594053089618683, -1.7684763669967651, -0.0468817800283432, 0.11801424622535706, 0.24088692665100098, -1.0713339684642336, -2.0247462048852185, 20.434802533214246, 9362.0, 17039.0, 35388.0, 9362.0, 7.9140496253967285, -0.1390160769224167, 0.15851612389087677, 0.40343984961509705, 0.017549345269799232, -0.07698831707239151, 0.9980700016021729, -0.056237075477838516, -0.04855918884277344, 1.491943359375, 1.068603515625, 1.701080322265625, 1.163818359375
47061, 3.6364500522613525, 12.836958885192871, -6.527780532836914, -0.5466107130050659, -0.0906602293252945, -36.472251892089844, -1.599574327468872, -0.2655172049999237, -1.7919834852218628, -0.04689586162567139, 0.11803373694419861, 0.24087217450141907, -1.0974051139720016, -2.014162362103832, 20.419520397113583, 9362.0, 17039.0, 35388.0, 9362.0, 7.9140496253967285, 0.09884028881788254, 0.37942421436309814, 0.39992308616638184, 0.01927136816084385, -0.07806907594203949, 0.9977027177810669, -0.08359845727682114, -0.10231781005859375, 1.487548828125, 1.072265625, 1.6459503173828125, 1.160888671875
47071, 3.6360552310943604, 12.839638710021973, -6.527166843414307, -0.5466107130050659, -0.0906602293252945, -36.472251892089844, -1.599574327468872, -0.2655172049999237, -1.7919834852218628, -0.04690099507570267, 0.11802580207586288, 0.2408660352230072, -1.0924423116090511, -2.0203197280631002, 20.46005922976486, 9362.0, 17039.0, 35388.0, 9362.0, 7.9140496253967285, 0.09884028881788254, 0.37942421436309814, 0.39992308616638184, 0.020681064575910568, -0.07839278131723404, 0.9941465854644775, -0.07496888935565948, -0.06647872924804688, 1.490478515625, 1.072265625, 1.6459503173828125, 1.160888671875
47421, 3.6354665756225586, 12.846097946166992, -6.52900505065918, -1.2236090898513794, -0.20305655896663666, -37.10295867919922, -2.359396457672119, -0.3917376697063446, -1.8965990543365479, -0.04774317517876625, 0.11843341588973999, 0.23941577970981598, -1.2688720260842747, -1.1625175701442174, 20.331822527335465, 9362.0, 17039.0, 35388.0, 9362.0, 7.9140496253967285, 0.056767772883176804, 0.2136116921901703, 0.3131769895553589, 0.0210881307721138, -0.0744028389453888, 0.997868001461029, -0.05940135940909386, -0.10231781005859375, 1.487548828125, 1.0751953125, 1.6026458740234375, 1.163818359375
47601, 3.634028434753418, 12.848898887634277, -6.530760765075684, -1.7400071620941162, -0.28878650069236755, -37.488162994384766, -2.804503917694092, -0.4655214548110962, -1.955794334411621, -0.04772553592920303, 0.11842796951532364, 0.23945529758930206, -1.204634724989466, -1.2565696608507153, 20.32102673365614, 9362.0, 17039.0, 35388.0, 9362.0, 7.9140496253967285, 0.09418321400880814, -0.25887346267700195, 0.08518963307142258, 0.019311683252453804, -0.07686266303062439, 0.9975043535232544, -0.37269580364227295, -4.026782035827637, 1.166748046875, 1.15869140625, 0.6672515869140625, 1.160888671875
47731, 3.635991334915161, 12.852566719055176, -6.53510856628418, -2.1544528007507324, -0.35757291316986084, -37.764892578125, -3.116090774536133, -0.5171270370483398, -1.9979852437973022, -0.04687710851430893, 0.11803264170885086, 0.24083785712718964, -1.0859585461269903, -2.0574097076694216, 20.431344228492815, 9362.0, 17039.0, 35388.0, 9362.0, 7.9140496253967285, 0.058812256902456284, -0.19914931058883667, -0.30966800451278687, 0.02205127850174904, -0.0746450200676918, 0.9960808157920837, -0.09359291940927505, -0.07543754577636719, 1.48974609375, 1.3564453125, 0.0156707763671875, 1.159423828125
47781, 3.6342756748199463, 12.851923942565918, -6.534828186035156, -2.3130388259887695, -0.3838901221752167, -37.865177154541016, -3.2273688316345215, -0.5355607271194458, -2.013124465942383, -0.047741521149873734, 0.11843989789485931, 0.23939980566501617, -1.2577199867629651, -1.168729248532287, 20.342006581353406, 9362.0, 17039.0, 35388.0, 9362.0, 7.9140496253967285, 0.018728846684098244, -0.10053454339504242, -0.07748838514089584, 0.02109452337026596, -0.07516547292470932, 0.9980053901672363, -0.07440930604934692, -0.09335899353027344, 1.48828125, 1.239990234375, 0.1979827880859375, 1.16455078125
47851, 3.632171869277954, 12.849746704101562, -6.5340189933776855, -2.4771931171417236, -0.411129355430603, -37.9661979675293, -3.3387742042541504, -0.5540019869804382, -2.027700901031494, -0.046906184405088425, 0.11804158240556717, 0.24081434309482574, -1.1009208151040368, -2.003893200101004, 20.443460718554135, 9362.0, 17039.0, 35388.0, 9362.0, 7.933885097503662, 0.029927628114819527, 0.06265280395746231, 0.11337798088788986, 0.01921326108276844, -0.07642509788274765, 0.9966989159584045, -0.059529002755880356, -0.03959846496582031, 1.49267578125, 1.333740234375, 0.0189361572265625, 1.165283203125
47861, 3.633293628692627, 12.851821899414062, -6.536369800567627, -2.4771931171417236, -0.411129355430603, -37.9661979675293, -3.3387742042541504, -0.5540019869804382, -2.027700901031494, -0.04691024869680405, 0.11803171783685684, 0.2408282458782196, -1.073502963118051, -2.0814852134720923, 20.44109871326875, 9362.0, 17039.0, 35388.0, 9362.0, 7.933885097503662, 0.11592305451631546, -0.06900826841592789, -0.22392547130584717, 0.018144870176911354, -0.07382462918758392, 0.9981521964073181, -0.054836172610521317, -0.030637741088867188, 1.493408203125, 1.333740234375, 0.0189361572265625, 1.165283203125
47871, 3.6339967250823975, 12.852972030639648, -6.537332057952881, -2.4771931171417236, -0.411129355430603, -37.9661979675293, -3.3387742042541504, -0.5540019869804382, -2.027700901031494, -0.0477297380566597, 0.11844327300786972, 0.23943696916103363, -1.238408613201003, -1.19081603784781, 20.341144353112142, 9362.0, 17039.0, 35388.0, 9362.0, 7.9140496253967285, 0.08132711052894592, -0.004734691698104143, -0.009903358295559883, 0.02073126845061779, -0.07558279484510422, 0.9976978302001953, -0.04990808293223381, 0.023120880126953125, 1.497802734375, 1.34765625, 0.0154571533203125, 1.162353515625
47881, 3.633728265762329, 12.85130786895752, -6.5379133224487305, -2.6469173431396484, -0.4392904043197632, -38.06794738769531, -3.4502065181732178, -0.5724400281906128, -2.0421745777130127, -0.04774940386414528, 0.11843349784612656, 0.23941414058208466, -1.2622710422991401, -1.2098751588531798, 20.337834479289533, 9362.0, 17039.0, 35388.0, 9362.0, 7.9140496253967285, -0.034797340631484985, 0.09896821528673172, -0.15038101375102997, 0.020380035042762756, -0.07821335643529892, 0.9947665333747864, -0.06269668787717819, -0.15607833862304688, 1.483154296875, 1.342529296875, 0.0161895751953125, 1.162353515625
47901, 3.634249210357666, 12.851190567016602, -6.5387773513793945, -2.7163665294647217, -0.45081284642219543, -38.10885238647461, -3.4946916103363037, -0.5798013210296631, -2.048335552215576, -0.04773518443107605, 0.11844232678413391, 0.23942714929580688, -1.2233113126226698, -1.1959235930201828, 20.346096865196373, 9362.0, 17039.0, 35388.0, 9362.0, 7.933885097503662, 0.32060131430625916, -0.17130115628242493, -0.3843672573566437, 0.02037779800593853, -0.07780329883098602, 0.9952682256698608, -0.0765090137720108, -0.11127853393554688, 1.48681640625, 1.3447265625, 0.0158538818359375, 1.162353515625
48061, 3.6401572227478027, 12.854110717773438, -6.544567108154297, -3.304023265838623, -0.5483002066612244, -38.44037628173828, -3.85103178024292, -0.6388058662414551, -2.0957963466644287, -0.04773271083831787, 0.11845225095748901, 0.23942579329013824, -1.2602777821718312, -1.1852407991131315, 20.332819684404086, 9362.0, 17039.0, 35388.0, 9362.0, 7.933885097503662, 0.055940378457307816, -0.07769216597080231, -0.35083281993865967, 0.01961192861199379, -0.0773109495639801, 0.996660590171814, -0.06381305307149887, -0.06647872924804688, 1.490478515625, 1.3271484375, 0.022308349609375, 1.19091796875
48091, 3.6411831378936768, 12.858110427856445, -6.546827793121338, -3.304023265838623, -0.5483002066612244, -38.44037628173828, -3.85103178024292, -0.6388058662414551, -2.0957963466644287, -0.04774374142289162, 0.11842499673366547, 0.23943382501602173, -1.2495485764797847, -1.229201514253134, 20.34256798152358, 9362.0, 17039.0, 35388.0, 9362.0, 7.9140496253967285, 0.055940378457307816, -0.07769216597080231, -0.35083281993865967, 0.01915997453033924, -0.07785915583372116, 0.996275007724762, -0.08005949854850769, -0.10231781005859375, 1.487548828125, 1.33154296875, 0.0198516845703125, 1.160888671875
48451, 3.6304609775543213, 12.8633394241333, -6.539416790008545, -4.975335121154785, -0.8254764676094055, -39.280540466308594, -4.720017433166504, -0.782545804977417, -2.21189546585083, -0.04774317145347595, 0.11844058334827423, 0.23937973380088806, -1.2812168466032583, -1.1430277297835687, 20.33214529269729, 9362.0, 17039.0, 35388.0, 9362.0, 7.9140496253967285, 0.022980336099863052, 0.1557377576828003, 0.12537887692451477, 0.018212929368019104, -0.07483214139938354, 0.9978289604187012, -0.08106546103954315, -0.10231781005859375, 1.487548828125, 1.11181640625, 1.125274658203125, 1.162353515625
48461, 3.629556894302368, 12.865180015563965, -6.538218021392822, -4.975335121154785, -0.8254764676094055, -39.280540466308594, -4.720017433166504, -0.782545804977417, -2.21189546585083, -0.04688958078622818, 0.11805051565170288, 0.240858256816864, -1.0554152874192524, -2.0137447324244704, 20.4234220245285, 9362.0, 17039.0, 35388.0, 9362.0, 7.9140496253967285, -0.02057480998337269, -0.07817322760820389, 0.27011638879776, 0.020015396177768707, -0.07430192828178406, 0.9961215257644653, -0.08947452157735825, -0.1291980743408203, 1.4853515625, 1.11181640625, 1.125274658203125, 1.162353515625
48471, 3.6294939517974854, 12.865490913391113, -6.537942886352539, -5.070180416107178, -0.8412008285522461, -39.3248405456543, -4.764515399932861, -0.7898874282836914, -2.218168020248413, -0.047755688428878784, 0.11844003945589066, 0.23939213156700134, -1.2261152580626322, -1.1843794857169598, 20.327431176215914, 9362.0, 17039.0, 35388.0, 9362.0, 7.9140496253967285, -0.02057480998337269, -0.07817322760820389, 0.27011638879776, 0.02027604728937149, -0.07392056286334991, 0.996874213218689, -0.0775221735239029, -0.05751800537109375, 1.4912109375, 1.078125, 1.5602264404296875, 1.166015625
48501, 3.6300089359283447, 12.872556686401367, -6.537689208984375, -5.165916442871094, -0.8570720553398132, -39.369266510009766, -4.809079647064209, -0.7972354888916016, -2.224177598953247, -0.046878449618816376, 0.11805565655231476, 0.24085833132266998, -1.0751303551753508, -2.0516399020800122, 20.446645466073885, 9362.0, 17039.0, 35388.0, 9362.0, 7.9140496253967285, -0.02057480998337269, -0.07817322760820389, 0.27011638879776, 0.022475481033325195, -0.07738146185874939, 0.9951247572898865, -0.07380124181509018, -0.10231781005859375, 1.487548828125, 1.023193359375, 2.494110107421875, 1.16162109375
48641, 3.6361615657806396, 12.87226390838623, -6.545026779174805, -5.8099212646484375, -0.9638171195983887, -39.66100311279297, -5.098816394805908, -0.8450297713279724, -2.2634432315826416, -0.04774079844355583, 0.11843749135732651, 0.23940575122833252, -1.1787772797328622, -1.2200382249069435, 20.30196999751732, 9362.0, 17039.0, 35388.0, 9362.0, 7.933885097503662, -0.0007143475231714547, 0.0535149984061718, 0.03437095135450363, 0.019769221544265747, -0.07526004314422607, 0.9957030415534973, -0.06307067722082138, 0.1933612823486328, 1.51171875, 1.02978515625, 2.3658294677734375, 1.162353515625
49621, 3.6384334564208984, 12.84287166595459, -6.533379077911377, -12.022552490234375, -1.9930459260940552, -42.07564926147461, -7.326047420501709, -1.2135952711105347, -2.5656235218048096, -0.047704946249723434, 0.11843504011631012, 0.23939074575901031, -1.2539405047963994, -1.163457264459339, 20.340057160516427, 9362.0, 17039.0, 35388.0, 9362.0, 7.9140496253967285, -0.20461392402648926, -0.256996750831604, -0.04273999482393265, 0.021190516650676727, -0.0761650875210762, 0.9956328272819519, -0.09759565442800522, 0.023120880126953125, 1.497802734375, 1.273681640625, 0.0975494384765625, 1.16162109375
49651, 3.6366281509399414, 12.84199333190918, -6.5290093421936035, -12.243334770202637, -2.0296199321746826, -42.15275573730469, -7.392782211303711, -1.224683165550232, -2.5746264457702637, -0.04772740229964256, 0.11844874918460846, 0.2394336313009262, -1.2307211160115497, -1.202668958364285, 20.335964402243583, 9362.0, 17039.0, 35388.0, 9362.0, 7.9140496253967285, -0.24933049082756042, 0.19065727293491364, 0.28750115633010864, 0.02190149948000908, -0.07437197118997574, 0.9966974854469299, -0.07416437566280365, -0.12023735046386719, 1.486083984375, 1.29052734375, 0.06378173828125, 1.165283203125
49671, 3.636237621307373, 12.841391563415527, -6.527288913726807, -12.243334770202637, -2.0296199321746826, -42.15275573730469, -7.392782211303711, -1.224683165550232, -2.5746264457702637, -0.04773498326539993, 0.11845681816339493, 0.23938657343387604, -1.2854477138135492, -1.1736025379022692, 20.3359569321421, 9362.0, 17039.0, 35388.0, 9362.0, 7.9140496253967285, -0.24933049082756042, 0.19065727293491364, 0.28750115633010864, 0.021412359550595284, -0.07360238581895828, 0.9954575300216675, -0.0817723348736763, -0.021678924560546875, 1.494140625, 1.29052734375, 0.06378173828125, 1.162353515625
49741, 3.637242555618286, 12.840392112731934, -6.530126094818115, -12.766273498535156, -2.1162519454956055, -42.333736419677734, -7.5483856201171875, -1.2505229711532593, -2.596022844314575, -0.04772390052676201, 0.11845751106739044, 0.23942112922668457, -1.2640097324336477, -1.1629597279736856, 20.330332741204774, 9362.0, 17039.0, 35388.0, 9362.0, 7.9140496253967285, -0.134179025888443, -0.4507034718990326, 0.2599067687988281, 0.022875716909766197, -0.07314721494913101, 0.9950972199440002, -0.0838622972369194, 0.11272048950195312, 1.505126953125, 1.32568359375, 0.0232086181640625, 1.1630859375
50051, 3.639735460281372, 12.823776245117188, -6.523996829986572, -15.386594772338867, -2.5504114627838135, -43.20956039428711, -8.284528732299805, -1.3729068040847778, -2.6946980953216553, -0.04690220579504967, 0.1180434599518776, 0.24086663126945496, -1.0744754831003098, -2.034095407724692, 20.43857665682642, 9362.0, 17039.0, 35388.0, 9362.0, 7.933885097503662, 0.1601741909980774, 0.054005760699510574, -0.15464891493320465, 0.02157847210764885, -0.07802795618772507, 0.997512698173523, -0.06107238680124283, -0.10231781005859375, 1.487548828125, 1.07666015625, 1.58135986328125, 1.163818359375
50401, 3.637861967086792, 12.823180198669434, -6.5184245109558105, -18.4222354888916, -3.0536205768585205, -44.17097473144531, -9.062000274658203, -1.5025655031204224, -2.798969268798828, -0.04770909994840622, 0.11844390630722046, 0.23945650458335876, -1.2055405012255733, -1.2327452870563604, 20.340171410665437, 9362.0, 17039.0, 35388.0, 9362.0, 7.9140496253967285, 0.25286734104156494, -0.24016065895557404, 0.056092504411935806, 0.020669780671596527, -0.07502707093954086, 0.9957970976829529, -0.08862341195344925, -0.05751800537109375, 1.4912109375, 1.07080078125, 1.667816162109375, 1.16162109375
50511, 3.6370973587036133, 12.814085960388184, -6.5174713134765625, -19.4324893951416, -3.221142530441284, -44.48067855834961, -9.30622673034668, -1.5432953834533691, -2.8321166038513184, -0.0468696653842926, 0.118028424680233, 0.24087929725646973, -1.0347526973001888, -2.049170384908848, 20.4165937423455, 9362.0, 17039.0, 35388.0, 9362.0, 7.9140496253967285, -0.17964524030685425, -0.17733532190322876, -0.08506518602371216, 0.02078242599964142, -0.07724379003047943, 0.9965710043907166, -0.1240953579545021, -0.15607833862304688, 1.483154296875, 1.3330078125, 0.0191650390625, 1.160888671875
50581, 3.6323904991149902, 12.807305335998535, -6.511129856109619, -20.08936882019043, -3.3300814628601074, -44.67963790893555, -9.461779594421387, -1.5692442655563354, -2.8521859645843506, -0.046887729316949844, 0.1180376186966896, 0.24088750779628754, -1.1035655842580232, -1.9869975630839747, 20.453543221751097, 9362.0, 17039.0, 35388.0, 9362.0, 7.9140496253967285, 0.018543299287557602, 0.3858166038990021, 0.0933339074254036, 0.020508090034127235, -0.07595503330230713, 0.998259961605072, -0.09920775145292282, -0.18295860290527344, 1.48095703125, 1.2802734375, 0.0831756591796875, 1.165283203125
50671, 3.6259868144989014, 12.810812950134277, -6.506084442138672, -20.85341453552246, -3.456805467605591, -44.908748626708984, -9.639337539672852, -1.5988367795944214, -2.875800848007202, -0.046915315091609955, 0.11812730133533478, 0.24088148772716522, -1.2322197106598696, -2.0011790041669997, 20.42030089845271, 9362.0, 17039.0, 35388.0, 9362.0, 7.933885097503662, -0.09415746480226517, -0.1298561692237854, -0.010964193381369114, 0.021217312663793564, -0.07420165836811066, 0.9964116215705872, -0.10292796790599823, -0.10231781005859375, 1.487548828125, 1.273681640625, 0.0975494384765625, 1.16162109375
51031, -0.0035931391175836325, -0.011941320262849331, 0.012864013202488422, 1.70822131622117e-05, 1.2185349987703376e-05, -0.001140606589615345, 0.00018633060972206295, 0.00011126708704978228, -0.00899550225585699, -0.047724708914756775, 0.11844193190336227, 0.2393898218870163, -1.2680552336599134, -1.1664323548728532, 20.32162397081496, 9362.0, 17039.0, 35388.0, 9362.0, 7.9140496253967285, -0.015879319980740547, -0.24456219375133514, 0.16308921575546265, 0.02194153144955635, -0.07637494057416916, 0.9961020946502686, -0.1394696831703186, -0.08439826965332031, 1.489013671875, 1.07666015625, 1.58135986328125, 1.16162109375
51161, -0.00808915589004755, -0.018541278317570686, 0.010112118907272816, 6.894716352690011e-05, 3.6834408092545345e-05, -0.0028687077574431896, 0.000548252952285111, 0.00023308373056352139, -0.013737707398831844, -0.04690486937761307, 0.11803856492042542, 0.24085503816604614, -1.0910360225604385, -2.0100822835631504, 20.437517033413116, 9362.0, 17039.0, 35388.0, 9362.0, 7.933885097503662, 0.06875161826610565, 0.06554406136274338, 0.0809309184551239, 0.02103152684867382, -0.07394282519817352, 0.9969772100448608, -0.05502794682979584, 0.07688140869140625, 1.502197265625, 1.058349609375, 1.8621978759765625, 1.160888671875
51371, -0.013406222686171532, -0.005877096671611071, 0.009202332235872746, 0.0002400039811618626, 0.00011979999544564635, -0.006400658283382654, 0.0010024161310866475, 0.0005768787814304233, -0.020369049161672592, -0.04772792011499405, 0.11844343692064285, 0.2394275814294815, -1.2371348099850028, -1.2121596173944624, 20.338705265168386, 9362.0, 17039.0, 35388.0, 9362.0, 7.9140496253967285, -0.09334667772054672, 0.21282674372196198, -0.031399909406900406, 0.019060665741562843, -0.07594872266054153, 0.9956487417221069, -0.14717811346054077, -0.10231781005859375, 1.487548828125, 1.052490234375, 1.9588470458984375, 1.162353515625
51491, -0.015006198547780514, -0.004008125048130751, 0.011742998845875263, 0.00034680520184338093, 0.0001890324492705986, -0.008654437027871609, 0.0011472771875560284, 0.0008053365163505077, -0.024550842121243477, -0.04688245803117752, 0.11804910749197006, 0.24082164466381073, -0.9759608517394939, -2.0085643897025136, 20.421451646298802, 9362.0, 17039.0, 35388.0, 9362.0, 7.933885097503662, -0.061171337962150574, -0.1979854702949524, -0.03747829794883728, 0.022102655842900276, -0.07744274288415909, 0.9969372153282166, -0.07689456641674042, 0.06792068481445312, 1.50146484375, 1.07373046875, 1.62420654296875, 1.157958984375
52041, -0.010372074320912361, -0.007137448061257601, 0.019570523872971535, 0.0012340768007561564, 0.0009345198050141335, -0.028520414605736732, 0.0020585532765835524, 0.0016525830142199993, -0.04524011164903641, -0.047731705009937286, 0.11842737346887589, 0.2394111305475235, -1.259035436803181, -1.2276591355907556, 20.32956148254264, 9362.0, 17039.0, 35388.0, 9362.0, 7.9140496253967285, -0.04839380830526352, 0.10056692361831665, -0.0839960128068924, 0.019058940932154655, -0.0766838788986206, 0.9941809773445129, -0.043335720896720886, -0.06647872924804688, 1.490478515625, 1.0400390625, 2.17547607421875, 1.165283203125
52111, -0.009703850373625755, -0.005325573030859232, 0.013936208561062813, 0.0013814049307256937, 0.0010543463286012411, -0.03180176019668579, 0.002148618223145604, 0.0017751038540154696, -0.04827139899134636, -0.04690307751297951, 0.11805494129657745, 0.24084782600402832, -1.0915935834313073, -2.0266087829894843, 20.411734385888515, 9362.0, 17039.0, 35388.0, 9362.0, 7.9140496253967285, 0.03683268651366234, 0.024300022050738335, -0.2617616653442383, 0.018188990652561188, -0.07675332576036453, 0.9980994462966919, -0.09358791261911392, -0.09335899353027344, 1.48828125, 1.34765625, 0.0154571533203125, 1.163818359375
52131, -0.010583995841443539, -0.007820308208465576, 0.015922600403428078, 0.0014245645143091679, 0.0010901963105425239, -0.032771795988082886, 0.0021671485155820847, 0.0018093319376930594, -0.0488034151494503, -0.04772809147834778, 0.11843795329332352, 0.23941554129123688, -1.2606708999444827, -1.2118425985426597, 20.34988829017383, 9362.0, 17039.0, 35388.0, 9362.0, 7.9140496253967285, 0.03683268651366234, 0.024300022050738335, -0.2617616653442383, 0.019929690286517143, -0.07534131407737732, 0.9975723028182983, -0.052811168134212494, -0.05751800537109375, 1.4912109375, 1.3359375, 0.01806640625, 1.15869140625
52281, -0.013164245523512363, -0.01785675249993801, 0.024318933486938477, 0.0016703426372259855, 0.0013011146802455187, -0.038383644074201584, 0.002318952465429902, 0.0020359959453344345, -0.053150828927755356, -0.04772535711526871, 0.11843616515398026, 0.2394106686115265, -1.2384238279687445, -1.1766774314577901, 20.325642512344597, 9362.0, 17039.0, 35388.0, 9362.0, 7.933885097503662, -0.08466856926679611, 0.0158731359988451, 0.09620152413845062, 0.022080207243561745, -0.07606252282857895, 0.9954706430435181, -0.08892473578453064, 0.1933612823486328, 1.51171875, 1.336669921875, 0.0177764892578125, 1.162353515625
52521, -0.021356817334890366, -0.020492063835263252, 0.02024637907743454, 0.0023958159144967794, 0.0019210969330742955, -0.0535932332277298, 0.003308042651042342, 0.002773434855043888, -0.06331416219472885, -0.04688592255115509, 0.11805609613656998, 0.2408270388841629, -1.0420543765673103, -2.010748106361916, 20.425037931285104, 9362.0, 17039.0, 35388.0, 9362.0, 7.9140496253967285, -0.22217968106269836, 0.014812796376645565, 0.054696887731552124, 0.02170635759830475, -0.07515154778957367, 0.9953686594963074, -0.07679139822721481, -0.05751800537109375, 1.4912109375, 1.3330078125, 0.0191650390625, 1.163818359375
52921, -0.016501756384968758, -0.015108407475054264, 0.02260148711502552, 0.003958981949836016, 0.0033165442291647196, -0.08188897371292114, 0.004408680833876133, 0.00412111496552825, -0.07750606536865234, -0.04775253310799599, 0.11845781654119492, 0.2394227236509323, -1.2510651187805177, -1.1626887262687546, 20.342843623280707, 9362.0, 17039.0, 35388.0, 9362.0, 7.9140496253967285, 0.05542008951306343, -0.07624978572130203, -0.09139399230480194, 0.020597072318196297, -0.07640723139047623, 0.9972350001335144, -0.052703555673360825, -0.10231781005859375, 1.487548828125, 1.0751953125, 1.6026458740234375, 1.168212890625
52931, -0.0159215796738863, -0.015585595741868019, 0.02371291257441044, 0.0040924884378910065, 0.003441402455791831, -0.08423161506652832, 0.0044900206848979, 0.004203358665108681, -0.0786544680595398, -0.04772946238517761, 0.11846935749053955, 0.2393971085548401, -1.2436381310999522, -1.1207527670208606, 20.33209765637751, 9362.0, 17039.0, 35388.0, 9362.0, 7.9140496253967285, -0.23311200737953186, -0.1709991991519928, -0.01521383598446846, 0.01948980614542961, -0.07524637877941132, 0.995660662651062, -0.05553743988275528, 0.08584022521972656, 1.5029296875, 1.0751953125, 1.6026458740234375, 1.16455078125
52951, -0.01676148548722267, -0.016640471294522285, 0.024675710126757622, 0.004137521609663963, 0.0034835718106478453, -0.0850200206041336, 0.004516590386629105, 0.0042305211536586285, -0.07902577519416809, -0.04774294048547745, 0.1184394508600235, 0.23945365846157074, -1.247572217565357, -1.1582365824163787, 20.33711292305933, 9362.0, 17039.0, 35388.0, 9362.0, 7.9140496253967285, -0.3450601100921631, -0.014004034921526909, 0.36777418851852417, 0.018979061394929886, -0.07295060157775879, 0.9956501722335815, -0.05218394845724106, -0.05751800537109375, 1.4912109375, 1.01806640625, 2.597137451171875, 1.198974609375
52961, -0.019234878942370415, -0.016931887716054916, 0.027383923530578613, 0.004228406120091677, 0.003568755928426981, -0.08661211282014847, 0.004572321195155382, 0.004287802614271641, -0.0801084116101265, -0.047734979540109634, 0.11846896260976791, 0.23941412568092346, -1.2348341640950127, -1.208316087123734, 20.32381966235923, 9362.0, 17039.0, 35388.0, 9362.0, 7.9140496253967285, -0.24336446821689606, 0.20751838386058807, 0.11980805546045303, 0.020808575674891472, -0.0760142058134079, 0.9956610798835754, -0.06538104265928268, -0.13815879821777344, 1.484619140625, 1.263427734375, 0.1233062744140625, 1.1630859375
52971, -0.01957361027598381, -0.016632653772830963, 0.028040139004588127, 0.004274273291230202, 0.00361179793253541, -0.08741559833288193, 0.004601156339049339, 0.004320585634559393, -0.08058839291334152, -0.04771418869495392, 0.1184503510594368, 0.2394189089536667, -1.2501717944034167, -1.2027954409447545, 20.336271918999667, 9362.0, 17039.0, 35388.0, 9362.0, 7.933885097503662, -0.24336446821689606, 0.20751838386058807, 0.11980805546045303, 0.022474683821201324, -0.07560959458351135, 0.9977091550827026, -0.06826738268136978, -0.09335899353027344, 1.48828125, 1.263427734375, 0.1233062744140625, 1.1630859375
53071, -0.01765630766749382, -0.01814233884215355, 0.03253300487995148, 0.004747904371470213, 0.004059977829456329, -0.0956273078918457, 0.004874336998909712, 0.004629116505384445, -0.08383453637361526, -0.047753412276506424, 0.11844544857740402, 0.2394026517868042, -1.2848064535731878, -1.1694441763883674, 20.336902061304606, 9362.0, 17039.0, 35388.0, 9362.0, 7.9140496253967285, 0.049942921847105026, 0.4158649742603302, 0.13172805309295654, 0.018220573663711548, -0.07576391845941544, 0.998164176940918, -0.19223208725452423, -0.09335899353027344, 1.48828125, 1.070068359375, 1.6788787841796875, 1.162353515625
53431, -0.018605561926960945, -0.03626081347465515, 0.040738970041275024, 0.006517200730741024, 0.00569959357380867, -0.12423083931207657, 0.00632514338940382, 0.005622627213597298, -0.09507015347480774, -0.04777233302593231, 0.11845406144857407, 0.23939695954322815, -1.2667304731310043, -1.130449756655139, 20.335659231053896, 9362.0, 17039.0, 35388.0, 9362.0, 7.933885097503662, -0.036132507026195526, 0.5309098958969116, 0.07788068056106567, 0.019240321591496468, -0.07588019967079163, 0.9966414570808411, -0.06033889204263687, -0.11127853393554688, 1.48681640625, 1.036376953125, 2.2422332763671875, 1.16015625
53551, -0.018346227705478668, -0.03183133900165558, 0.036843571811914444, 0.007600258570164442, 0.006641326937824488, -0.13987985253334045, 0.007217493373900652, 0.006150273140519857, -0.10025199502706528, -0.04691522568464279, 0.11802982538938522, 0.24084031581878662, -1.0350470172953465, -2.0372278233541294, 20.410490532064223, 9362.0, 17039.0, 35388.0, 9362.0, 7.9140496253967285, -0.00834516528993845, -0.0030600568279623985, 0.22995130717754364, 0.020558515563607216, -0.07478652894496918, 0.9967515468597412, -0.0854908674955368, -0.07543754577636719, 1.48974609375, 1.336669921875, 0.0177764892578125, 1.157958984375
53621, -0.020024796947836876, -0.028839731588959694, 0.043228525668382645, 0.008118444122374058, 0.007079727947711945, -0.1469843089580536, 0.007583778351545334, 0.006378756370395422, -0.10279757529497147, -0.04691220819950104, 0.11812525242567062, 0.24085481464862823, -1.2205787311714975, -1.9730514873741356, 20.39643368630873, 9362.0, 17039.0, 35388.0, 9362.0, 7.933885097503662, -0.045743707567453384, -0.18863892555236816, -0.014546857215464115, 0.020261678844690323, -0.0784016102552414, 0.9980846643447876, -0.07972748577594757, -0.09335899353027344, 1.48828125, 1.333740234375, 0.0189361572265625, 1.16162109375
53651, -0.02110249549150467, -0.025965098291635513, 0.04367450997233391, 0.008348103612661362, 0.007272666785866022, -0.15007737278938293, 0.007722459267824888, 0.006485456600785255, -0.10333050042390823, -0.04776337370276451, 0.11852448433637619, 0.2394704818725586, -1.3985146797562376, -1.1742854304464458, 20.322210410762946, 9362.0, 17039.0, 35388.0, 9362.0, 7.9140496253967285, 0.005561588332056999, -0.38626816868782043, -0.16894003748893738, 0.020564181730151176, -0.0762672871351242, 0.9969772696495056, -0.08347363770008087, -0.08439826965332031, 1.489013671875, 1.330810546875, 0.0203399658203125, 1.163818359375
53741, -0.022569524124264717, -0.021556535735726357, 0.050364695489406586, 0.00905937235802412, 0.00787157379090786, -0.15952570736408234, 0.008065260015428066, 0.00682840496301651, -0.10670870542526245, -0.046898357570171356, 0.11804722249507904, 0.2407934069633484, -1.0605659561607126, -1.9951816522399497, 20.40051352753687, 9362.0, 17039.0, 35388.0, 9362.0, 7.933885097503662, 0.0938941165804863, 0.09181097894906998, -0.02212224341928959, 0.0201104786247015, -0.07530047744512558, 0.9955690503120422, -0.0897890031337738, -0.03959846496582031, 1.49267578125, 1.36083984375, 0.016387939453125, 1.190185546875
53761, -0.02078828401863575, -0.022697320207953453, 0.04978223890066147, 0.00914020836353302, 0.007940050214529037, -0.16059483587741852, 0.008101982064545155, 0.00686692213639617, -0.10711798816919327, -0.046890683472156525, 0.11802846938371658, 0.2408592253923416, -1.0426739520443946, -2.091501774304902, 20.407645016595378, 9362.0, 17039.0, 35388.0, 9362.0, 7.933885097503662, 0.06252997368574142, 0.13654956221580505, 0.09378781169652939, 0.02000797726213932, -0.07640354335308075, 0.9962209463119507, -0.07801331579685211, -0.09335899353027344, 1.48828125, 1.36083984375, 0.016387939453125, 1.1630859375
53791, -0.021362144500017166, -0.02362108789384365, 0.05037989467382431, 0.00946734193712473, 0.00821762066334486, -0.1649112105369568, 0.008259001187980175, 0.00701008178293705, -0.10876511037349701, -0.04774153605103493, 0.11854106932878494, 0.23948511481285095, -1.3876305118185623, -1.159910335487865, 20.32728585044519, 9362.0, 17039.0, 35388.0, 9362.0, 7.9140496253967285, 0.041387200355529785, 0.0722658783197403, -0.13869154453277588, 0.021749796345829964, -0.07452643662691116, 0.99807208776474, -0.07618957757949829, -0.10231781005859375, 1.487548828125, 1.322021484375, 0.0257415771484375, 1.165283203125
54021, -0.01779126189649105, -0.03386390209197998, 0.04650357365608215, 0.011392952874302864, 0.009843861684203148, -0.1897285133600235, 0.009308615699410439, 0.007742271758615971, -0.11758342385292053, -0.047765906900167465, 0.11844538897275925, 0.2393849939107895, -1.262457750176127, -1.2030215093733432, 20.333570977852876, 9362.0, 17039.0, 35388.0, 9362.0, 7.9140496253967285, 0.037417154759168625, -0.08924847841262817, 0.2739490270614624, 0.01981365494430065, -0.07673533260822296, 0.9969655275344849, -0.08223002403974533, -0.08439826965332031, 1.489013671875, 1.272216796875, 0.1009979248046875, 1.163818359375
54221, -0.019212042912840843, -0.029216423630714417, 0.048577193170785904, 0.013472636230289936, 0.011543727479875088, -0.21522289514541626, 0.010501974262297153, 0.00846144650131464, -0.12565264105796814, -0.04689668491482735, 0.11804723739624023, 0.24082225561141968, -0.9895136931507641, -2.086124634735171, 20.41854350278817, 9362.0, 17039.0, 35388.0, 9362.0, 7.9140496253967285, -0.030698461458086967, 0.004985595587641001, 0.11334710568189621, 0.021882671862840652, -0.07438584417104721, 0.9959123730659485, -0.09159496426582336, -0.07543754577636719, 1.48974609375, 1.27734375, 0.0894012451171875, 1.162353515625
54271, -0.02075476013123989, -0.027394745498895645, 0.049995604902505875, 0.014003912918269634, 0.01197096612304449, -0.22155676782131195, 0.010745993815362453, 0.008629673160612583, -0.1277083456516266, -0.047723788768053055, 0.11843999475240707, 0.23941373825073242, -1.2581069857931861, -1.154222464760835, 20.333673327920714, 9362.0, 17039.0, 35388.0, 9362.0, 7.933885097503662, 0.18720243871212006, -0.022465473040938377, -0.000945637933909893, 0.01970227062702179, -0.07771886140108109, 0.9963213205337524, -0.07847338169813156, -0.08439826965332031, 1.489013671875, 1.275146484375, 0.09429931640625, 1.162353515625
54571, -0.016520213335752487, -0.03367902711033821, 0.05405791848897934, 0.01706715114414692, 0.014418558217585087, -0.2572530508041382, 0.01198804285377264, 0.00945272110402584, -0.13710983097553253, -0.04773138836026192, 0.1184462383389473, 0.2393823266029358, -1.303028346007947, -1.1010577904069692, 20.328479485609673, 9362.0, 17039.0, 35388.0, 9362.0, 7.9140496253967285, 0.06020447984337807, 0.26393944025039673, -0.03888648375868797, 0.02058284729719162, -0.07707348465919495, 0.9970033168792725, -0.06368599086999893, -0.12023735046386719, 1.486083984375, 1.329345703125, 0.02105712890625, 1.1630859375
54891, -0.02051035314798355, -0.03760656714439392, 0.04773474112153053, 0.020920099690556526, 0.01739560253918171, -0.2997561991214752, 0.01365248579531908, 0.01046901848167181, -0.14704841375350952, -0.047723766416311264, 0.11845431476831436, 0.23944149911403656, -1.277353975694205, -1.1751107489689332, 20.33595443218717, 9362.0, 17039.0, 35388.0, 9362.0, 7.9140496253967285, 0.1527685970067978, 0.36251747608184814, 0.27892810106277466, 0.019936811178922653, -0.07695525139570236, 0.999102771282196, -0.08629310131072998, -0.11127853393554688, 1.48681640625, 1.2509765625, 0.1600799560546875, 1.163818359375
55011, -0.01981634460389614, -0.033872488886117935, 0.04988221079111099, 0.023327406495809555, 0.019227543845772743, -0.3252682089805603, 0.014663859270513058, 0.011077594012022018, -0.15247893333435059, -0.04775993898510933, 0.11852699518203735, 0.23949716985225677, -1.400165166376102, -1.205976977804454, 20.31203059087263, 9362.0, 17039.0, 35388.0, 9362.0, 7.9140496253967285, 0.136819526553154, -0.12130461633205414, 0.1816224902868271, 0.021979589015245438, -0.07532879710197449, 0.9984099268913269, -0.08173850178718567, -0.12023735046386719, 1.486083984375, 1.0751953125, 1.6026458740234375, 1.165283203125
55181, -0.0218027513474226, -0.0324309803545475, 0.04731093347072601, 0.02589702606201172, 0.02115931175649166, -0.3515937030315399, 0.01556125283241272, 0.011652957648038864, -0.1579175591468811, -0.04690149426460266, 0.11803999543190002, 0.24080312252044678, -1.066854763186902, -2.031425627692755, 20.41813966488505, 9362.0, 17039.0, 35388.0, 9362.0, 7.933885097503662, 0.17293785512447357, 0.11929931491613388, -0.023612171411514282, 0.01983552798628807, -0.07609381526708603, 0.9968138933181763, -0.14792071282863617, 0.023120880126953125, 1.497802734375, 1.336669921875, 0.0177764892578125, 1.165283203125
55231, -0.022283194586634636, -0.03292686492204666, 0.04279591515660286, 0.026681946590542793, 0.02174660749733448, -0.3595369756221771, 0.01583084650337696, 0.01184056419879198, -0.15983840823173523, -0.047729507088661194, 0.11846236884593964, 0.2394084930419922, -1.2871400354185276, -1.1350591426919436, 20.344838728082216, 9362.0, 17039.0, 35388.0, 9362.0, 7.9140496253967285, -0.028646795079112053, 0.33261290192604065, 0.1647653877735138, 0.021177945658564568, -0.07724224776029587, 0.9962447285652161, -0.10360480844974518, -0.0037593841552734375, 1.49560546875, 1.324951171875, 0.0236663818359375, 1.165283203125
55301, -0.02397339604794979, -0.03966706618666649, 0.045083094388246536, 0.027804644778370857, 0.02258509397506714, -0.37080830335617065, 0.016254279762506485, 0.01212064828723669, -0.16196931898593903, -0.04691284894943237, 0.11801819503307343, 0.2408565878868103, -1.0274262323664036, -2.089781644894316, 20.42757112070368, 9362.0, 17039.0, 35388.0, 9362.0, 7.9140496253967285, 0.11087115854024887, -0.11755364388227463, -0.03634032979607582, 0.02363598346710205, -0.07489244639873505, 0.9965826272964478, -0.06568872928619385, -0.04855918884277344, 1.491943359375, 1.357177734375, 0.0157928466796875, 1.16162109375
55321, -0.02562427520751953, -0.04274200648069382, 0.04545372352004051, 0.028131108731031418, 0.02282833494246006, -0.3740552067756653, 0.016394756734371185, 0.012204517610371113, -0.162745863199234, -0.04771925136446953, 0.11846088618040085, 0.2394164502620697, -1.3057431304943543, -1.1660089278552164, 20.322889497725566, 9362.0, 17039.0, 35388.0, 9362.0, 7.9140496253967285, -0.2729343771934509, 0.007316825911402702, -0.24085091054439545, 0.021014153957366943, -0.07777149230241776, 0.9951233267784119, -0.07903055846691132, -0.10231781005859375, 1.487548828125, 1.3359375, 0.01806640625, 1.16162109375
55391, -0.025682633742690086, -0.04390059784054756, 0.041150785982608795, 0.029296204447746277, 0.02369353361427784, -0.38554292917251587, 0.016898296773433685, 0.012510734610259533, -0.16514116525650024, -0.047735054045915604, 0.1184651106595993, 0.23936764895915985, -1.211227664041405, -1.1929593883730263, 20.339106154792802, 9362.0, 17039.0, 35388.0, 9362.0, 7.933885097503662, -0.0919235497713089, -0.4583218991756439, -0.161087304353714, 0.020773937925696373, -0.076084204018116, 0.9972296357154846, -0.07970166206359863, -0.10231781005859375, 1.487548828125, 1.074462890625, 1.6134033203125, 1.181396484375
55551, -0.026791470125317574, -0.05498363450169563, 0.043502725660800934, 0.03191137686371803, 0.025620734319090843, -0.4107351303100586, 0.018025241792201996, 0.013188296929001808, -0.17099812626838684, -0.04688718169927597, 0.11803875118494034, 0.24084976315498352, -1.0853791037405782, -2.0848594780131293, 20.417945009774467, 9362.0, 17039.0, 35388.0, 9362.0, 7.933885097503662, -0.22790728509426117, 0.14422908425331116, 0.1851523220539093, 0.018884824588894844, -0.07497161626815796, 0.9985671639442444, -0.06777709722518921, -0.10231781005859375, 1.487548828125, 1.3330078125, 0.0191650390625, 1.162353515625
55631, -0.023757418617606163, -0.06049143522977829, 0.04702017828822136, 0.03319588303565979, 0.026555100455880165, -0.4227694272994995, 0.0186843853443861, 0.013505040667951107, -0.17293958365917206, -0.047747112810611725, 0.11844520270824432, 0.23940855264663696, -1.2384512324576546, -1.1937938610013532, 20.34633188689975, 9362.0, 17039.0, 35388.0, 9362.0, 7.9140496253967285, -0.06260624527931213, -0.13305234909057617, 0.23030975461006165, 0.022147905081510544, -0.0762396901845932, 0.9978596568107605, -0.0811222642660141, -0.07543754577636719, 1.48974609375, 1.106689453125, 1.1853790283203125, 1.16162109375
55691, -0.022553907707333565, -0.05897792801260948, 0.04467054083943367, 0.03452875092625618, 0.027510425075888634, -0.434946745634079, 0.019394999369978905, 0.013785266317427158, -0.17503848671913147, -0.04772883281111717, 0.11845463514328003, 0.23942263424396515, -1.2287057665115693, -1.2003854589525247, 20.3102231369561, 9362.0, 17039.0, 35388.0, 9362.0, 7.933885097503662, 0.06368344277143478, -0.0650545284152031, 0.05795007199048996, 0.020435692742466927, -0.07571037113666534, 0.9956616759300232, -0.08103568106889725, -0.05751800537109375, 1.4912109375, 1.02978515625, 2.3658294677734375, 1.15869140625
55761, -0.01975824125111103, -0.05709280073642731, 0.0401819609105587, 0.03452875092625618, 0.027510425075888634, -0.434946745634079, 0.019394999369978905, 0.013785266317427158, -0.17503848671913147, -0.04689701274037361, 0.11804013699293137, 0.24086272716522217, -1.0430766986457856, -2.068469012598456, 20.429191920876388, 9362.0, 17039.0, 35388.0, 9362.0, 7.9140496253967285, 0.049521539360284805, -0.22447971999645233, -0.050902109593153, 0.020030532032251358, -0.07599698007106781, 0.9996963143348694, -0.16164790093898773, -0.05751800537109375, 1.4912109375, 1.341796875, 0.0162811279296875, 1.16015625
55851, -0.022635525092482567, -0.05599847808480263, 0.03776223957538605, 0.03692932799458504, 0.029191192239522934, -0.4562036395072937, 0.0206025168299675, 0.01422056369483471, -0.17903746664524078, -0.04775180295109749, 0.11845219135284424, 0.2393733263015747, -1.3178222339152217, -1.0718256937865362, 20.315454664991616, 9362.0, 17039.0, 35388.0, 9362.0, 7.9140496253967285, -0.08678267896175385, 0.25100308656692505, 0.01271157804876566, 0.021346570923924446, -0.07899175584316254, 0.9973846673965454, -0.057043612003326416, -0.07543754577636719, 1.48974609375, 1.27001953125, 0.10626220703125, 1.163818359375
56211, -0.025127258151769638, -0.06575315445661545, 0.04824274405837059, 0.046212341636419296, 0.03538672998547554, -0.5317385792732239, 0.024731362238526344, 0.016048185527324677, -0.19021672010421753, -0.04773658514022827, 0.11843660473823547, 0.2394091784954071, -1.2439039744220661, -1.246920432515907, 20.330532640356395, 9362.0, 17039.0, 35388.0, 9362.0, 7.933885097503662, 0.11291481554508209, 0.09717560559511185, 0.09634131193161011, 0.021461592987179756, -0.07728718966245651, 0.9959211945533752, -0.0898553654551506, -0.04855918884277344, 1.491943359375, 1.037109375, 2.228759765625, 1.166748046875
56301, -0.021418508142232895, -0.06653565913438797, 0.050826214253902435, 0.04848295822739601, 0.03684797137975693, -0.5490129590034485, 0.025735462084412575, 0.016406817361712456, -0.1934116631746292, -0.04691575840115547, 0.11802950501441956, 0.2408287227153778, -1.100484057079635, -2.0395508803196662, 20.44456926729683, 9362.0, 17039.0, 35388.0, 9362.0, 7.9140496253967285, 0.025223495438694954, -0.1411992907524109, 0.08712480962276459, 0.021656591445207596, -0.07429230213165283, 0.9966819882392883, -0.08617158979177475, -0.10231781005859375, 1.487548828125, 1.0400390625, 2.17547607421875, 1.181396484375
56351, -0.0201630350202322, -0.06768417358398438, 0.051945317536592484, 0.04926016554236412, 0.037341829389333725, -0.5548285841941833, 0.026080003008246422, 0.016517629846930504, -0.19427978992462158, -0.04689617455005646, 0.11804606020450592, 0.24085304141044617, -1.0701986587587593, -2.0256717552992995, 20.45435778355492, 9362.0, 17039.0, 35388.0, 9362.0, 7.9140496253967285, -0.0018955094274133444, 0.06692703068256378, 0.44920459389686584, 0.021088508889079094, -0.07601229846477509, 0.9983857274055481, -0.06685923784971237, -0.12023735046386719, 1.486083984375, 1.333740234375, 0.0189361572265625, 1.166015625
56401, -0.02005179412662983, -0.07273592799901962, 0.0540570467710495, 0.051114294677972794, 0.038506779819726944, -0.5685107707977295, 0.026906093582510948, 0.016761165112257004, -0.19673863053321838, -0.04688653349876404, 0.11804790794849396, 0.2408544421195984, -1.0785345996209736, -2.0274149716714476, 20.418288152390677, 9362.0, 17039.0, 35388.0, 9362.0, 7.9140496253967285, 0.16471372544765472, 0.0249953493475914, -0.08112261444330215, 0.021181104704737663, -0.07850112020969391, 0.9956825375556946, -0.08731890469789505, -0.07543754577636719, 1.48974609375, 1.333740234375, 0.0189361572265625, 1.16162109375
56591, -0.02036888711154461, -0.06759259849786758, 0.06393218785524368, 0.05615675076842308, 0.04157456383109093, -0.6044704914093018, 0.029128381982445717, 0.01732046902179718, -0.2030552178621292, -0.0468994677066803, 0.11804705113172531, 0.2408318966627121, -1.1009670269397613, -2.0514923874806072, 20.453238094580517, 9362.0, 17039.0, 35388.0, 9362.0, 7.933885097503662, -0.05877777561545372, 0.10590372234582901, 0.34439730644226074, 0.021607225760817528, -0.07676023244857788, 0.996349036693573, -0.08026314526796341, -0.030637741088867188, 1.493408203125, 1.105224609375, 1.202972412109375, 1.18212890625
56691, -0.022300247102975845, -0.0710541382431984, 0.06696939468383789, 0.05912911891937256, 0.04332422837615013, -0.6249653697013855, 0.030327625572681427, 0.01768440194427967, -0.20747831463813782, -0.04693933576345444, 0.11810645461082458, 0.24085931479930878, -1.3277346423151408, -1.9075978994966079, 20.410120977507873, 9362.0, 17039.0, 35388.0, 9362.0, 7.9140496253967285, 0.02642669528722763, 0.09649596363306046, -0.09877299517393112, 0.021089009940624237, -0.07562381029129028, 0.9953608512878418, -0.050868164747953415, -0.07543754577636719, 1.48974609375, 1.0224609375, 2.5086517333984375, 1.16455078125
56951, -0.025441842153668404, -0.08657442033290863, 0.07862479239702225, 0.06776687502861023, 0.04824606329202652, -0.6821733117103577, 0.03375786170363426, 0.018812019377946854, -0.21614794433116913, -0.04690869525074959, 0.11804835498332977, 0.24082939326763153, -1.0930013120347646, -2.024085485401997, 20.436417094539415, 9362.0, 17039.0, 35388.0, 9362.0, 7.9140496253967285, -0.29159000515937805, -0.6983194947242737, -0.5656458735466003, 0.018919650465250015, -0.07677990943193436, 0.9954656362533569, -0.07748378068208694, -0.04855918884277344, 1.491943359375, 1.039306640625, 2.1887054443359375, 1.206298828125
57021, -0.02634815312922001, -0.09018759429454803, 0.07704299688339233, 0.07016552239656448, 0.04957384988665581, -0.6973949670791626, 0.0347830094397068, 0.019123880192637444, -0.21881067752838135, -0.046889062970876694, 0.11804872006177902, 0.2408403754234314, -1.0454459236914735, -2.047354170495936, 20.439283706662785, 9362.0, 17039.0, 35388.0, 9362.0, 7.9140496253967285, 0.11481485515832901, 0.11421273648738861, 0.36038827896118164, 0.017344428226351738, -0.07423380762338638, 0.9978194236755371, -0.0697379857301712, -0.09335899353027344, 1.48828125, 1.026123046875, 2.4365234375, 1.16015625
57141, -0.025701146572828293, -0.09931182861328125, 0.08293906599283218, 0.0744534581899643, 0.05190014839172363, -0.7239112854003906, 0.03670715540647507, 0.019647054374217987, -0.223215714097023, -0.0469168983399868, 0.1180369183421135, 0.2408304065465927, -1.0573549184458886, -2.0445033288827688, 20.431586690002845, 9362.0, 17039.0, 35388.0, 9362.0, 7.9140496253967285, -0.07600197941064835, -0.05273876711726189, 0.2015291154384613, 0.01982802152633667, -0.07810895889997482, 0.9976925253868103, -0.09173387289047241, -0.15607833862304688, 1.483154296875, 1.271484375, 0.1027679443359375, 1.1689453125
57241, -0.026423780247569084, -0.09267080575227737, 0.0859631821513176, 0.07820823043584824, 0.0538870133459568, -0.7464056611061096, 0.03837166354060173, 0.020095381885766983, -0.22681188583374023, -0.04773467034101486, 0.1184733435511589, 0.2393922507762909, -1.237969523126867, -1.132290046837369, 20.33512569841574, 9362.0, 17039.0, 35388.0, 9362.0, 7.9140496253967285, 0.120394267141819, 0.10341969132423401, 0.24070897698402405, 0.02093740925192833, -0.07617764919996262, 0.9962034821510315, -0.050766028463840485, 0.04104042053222656, 1.499267578125, 1.261962890625, 0.127288818359375, 1.1630859375
57351, -0.026264147832989693, -0.09385237097740173, 0.09132561087608337, 0.08212295919656754, 0.05591985210776329, -0.7692452073097229, 0.03991681709885597, 0.020560970529913902, -0.22958379983901978, -0.04772348329424858, 0.11846137791872025, 0.23941336572170258, -1.2240485038973656, -1.1351328331390107, 20.355249192594044, 9362.0, 17039.0, 35388.0, 9362.0, 7.933885097503662, 0.10302796214818954, 0.06466858088970184, -0.006283652503043413, 0.01789400726556778, -0.077018141746521, 0.9963796734809875, -0.036244429647922516, 0.09480094909667969, 1.503662109375, 1.07958984375, 1.539276123046875, 1.166748046875
57621, -0.028381045907735825, -0.08425713330507278, 0.09712620079517365, 0.09389272332191467, 0.061850015074014664, -0.8349502086639404, 0.04403427243232727, 0.02181978151202202, -0.24003508687019348, -0.0477362722158432, 0.11846748739480972, 0.23936593532562256, -1.251889715074892, -1.1205059739036471, 20.327134720776172, 9362.0, 17039.0, 35388.0, 9362.0, 7.9140496253967285, 0.09392961859703064, 0.16266274452209473, -0.11945491284132004, 0.01800852082669735, -0.07714077830314636, 0.9968264698982239, -0.08734831213951111, -0.04855918884277344, 1.491943359375, 1.031982421875, 2.324127197265625, 1.159423828125
57921, -0.03019528090953827, -0.07785101979970932, 0.10089443624019623, 0.10635073482990265, 0.06792492419481277, -0.9010708332061768, 0.048247482627630234, 0.023202456533908844, -0.2491391897201538, -0.047728605568408966, 0.11845820397138596, 0.2393832951784134, -1.2433674553316538, -1.174487273527916, 20.31452882809211, 9362.0, 17039.0, 35388.0, 9362.0, 7.9140496253967285, 0.17259059846401215, -0.1857215166091919, -0.053370051085948944, 0.020756525918841362, -0.0779266506433487, 0.9965519309043884, -0.08801059424877167, -0.10231781005859375, 1.487548828125, 1.07666015625, 1.58135986328125, 1.159423828125
57991, -0.028210937976837158, -0.07452892512083054, 0.10215143114328384, 0.1088295504450798, 0.06911507993936539, -0.9138266444206238, 0.04894678294658661, 0.02347090281546116, -0.2510637938976288, -0.04691028594970703, 0.11803953349590302, 0.24085716903209686, -1.0201115928291442, -2.066225033990918, 20.441478882565704, 9362.0, 17039.0, 35388.0, 9362.0, 7.9140496253967285, -0.14549343287944794, -0.16827572882175446, 0.05526285618543625, 0.018870050087571144, -0.07848621904850006, 0.9961892366409302, -0.08448345959186554, -0.030637741088867188, 1.493408203125, 1.3388671875, 0.017120361328125, 1.16162109375
58001, -0.029715806245803833, -0.07455538958311081, 0.10148472338914871, 0.1117888018488884, 0.07053237408399582, -0.9289693832397461, 0.04969554767012596, 0.023767661303281784, -0.2536798119544983, -0.047742005437612534, 0.11844375729560852, 0.2393885999917984, -1.3225653789563756, -1.0920676147682684, 20.333432622215383, 9362.0, 17039.0, 35388.0, 9362.0, 7.9140496253967285, -0.14549343287944794, -0.16827572882175446, 0.05526285618543625, 0.01910206861793995, -0.07740024477243423, 0.9972174167633057, -0.08291663229465485, -0.09335899353027344, 1.48828125, 1.3212890625, 0.026214599609375, 1.16162109375
58011, -0.03050680086016655, -0.07536977529525757, 0.1022297665476799, 0.11228639632463455, 0.07077030837535858, -0.9315077066421509, 0.04982270672917366, 0.023818600922822952, -0.25398343801498413, -0.04777965694665909, 0.11853375285863876, 0.23944929242134094, -1.4364441912335335, -1.1352540306031074, 20.345489665759338, 9362.0, 17039.0, 35388.0, 9362.0, 7.933885097503662, 0.13945463299751282, -0.023524047806859016, -0.10057826340198517, 0.018744517117738724, -0.07559774816036224, 0.994824230670929, -0.07074260711669922, 0.08584022521972656, 1.5029296875, 1.329345703125, 0.02105712890625, 1.16162109375
58051, -0.030790161341428757, -0.07788979262113571, 0.10102321952581406, 0.11428961157798767, 0.0717272087931633, -0.9417054653167725, 0.05033741146326065, 0.024026690050959587, -0.2556825876235962, -0.046898696571588516, 0.11802869290113449, 0.24085429310798645, -1.049796815931119, -2.091727302232755, 20.431615754552517, 9362.0, 17039.0, 35388.0, 9362.0, 7.9140496253967285, 0.08384332805871964, -0.18601687252521515, -0.05019635707139969, 0.02080230601131916, -0.07506400346755981, 0.9981252551078796, -0.07831801474094391, -0.12023735046386719, 1.486083984375, 1.330078125, 0.0206298828125, 1.163818359375
58281, -0.03406023234128952, -0.06690139323472977, 0.10462289303541183, 0.1256648600101471, 0.07713786512613297, -0.9986953735351562, 0.053023502230644226, 0.02518145926296711, -0.2631813883781433, -0.046893514692783356, 0.11805719882249832, 0.24087584018707275, -1.0837393416224788, -2.030360984578323, 20.42595270841205, 9362.0, 17039.0, 35388.0, 9362.0, 7.9140496253967285, -0.10175082087516785, 0.17096756398677826, 0.058391787111759186, 0.019368527457118034, -0.07718205451965332, 0.9971103072166443, -0.04735846072435379, -0.11127853393554688, 1.48681640625, 1.13671875, 0.862274169921875, 1.15869140625
58291, -0.035465046763420105, -0.0687619224190712, 0.10518669337034225, 0.12672758102416992, 0.07764265686273575, -1.0039652585983276, 0.05324987694621086, 0.025297673419117928, -0.2637734115123749, -0.04773736000061035, 0.11844237893819809, 0.23941965401172638, -1.2279101068485598, -1.2571729720239944, 20.32480004789022, 9362.0, 17039.0, 35388.0, 9362.0, 7.9140496253967285, -0.0472659170627594, -0.18385611474514008, 0.19506841897964478, 0.018290255218744278, -0.07751869410276413, 0.9967913031578064, -0.05653770640492439, -0.08439826965332031, 1.489013671875, 1.3447265625, 0.0158538818359375, 1.15869140625
58371, -0.037808991968631744, -0.06460528075695038, 0.10498908162117004, 0.1310247927904129, 0.07968596369028091, -1.0251679420471191, 0.05417899414896965, 0.025788920000195503, -0.2662273049354553, -0.04690049961209297, 0.11804333329200745, 0.24082711338996887, -1.0380643283591968, -2.0419466828119255, 20.426665309497874, 9362.0, 17039.0, 35388.0, 9362.0, 7.9140496253967285, 0.14454500377178192, 0.035824283957481384, 0.04168523848056793, 0.022388426586985588, -0.07575875520706177, 0.9967766404151917, -0.06539686769247055, 0.17543983459472656, 1.51025390625, 1.10302734375, 1.229583740234375, 1.1806640625
58381, -0.03710296377539635, -0.06628208607435226, 0.10628912597894669, 0.13156713545322418, 0.0799441784620285, -1.027831792831421, 0.05428913235664368, 0.025853659957647324, -0.26653385162353516, -0.04772885888814926, 0.11844678223133087, 0.23939105868339539, -1.2613951951859708, -1.1571549502154426, 20.323212895403916, 9362.0, 17039.0, 35388.0, 9362.0, 7.9140496253967285, 0.14454500377178192, 0.035824283957481384, 0.04168523848056793, 0.019904665648937225, -0.07682349532842636, 0.996734082698822, -0.06262767314910889, -0.11127853393554688, 1.48681640625, 1.065673828125, 1.74609375, 1.1630859375
58571, -0.03178371489048004, -0.06284645944833755, 0.10651504993438721, 0.1398375928401947, 0.08389248698949814, -1.0681819915771484, 0.055963851511478424, 0.026779431849718094, -0.27173736691474915, -0.04774036258459091, 0.1184379830956459, 0.23939982056617737, -1.2756982586937593, -1.1689116199213458, 20.31047054790444, 9362.0, 17039.0, 35388.0, 9362.0, 7.9140496253967285, 0.0891224667429924, -0.2895367443561554, 0.06090216711163521, 0.019778629764914513, -0.0758577361702919, 0.9950942397117615, -0.08990243822336197, -0.06647872924804688, 1.490478515625, 1.097900390625, 1.2933502197265625, 1.162353515625
58591, -0.032002661377191544, -0.06018200144171715, 0.1075853556394577, 0.14264914393424988, 0.08523887395858765, -1.0818146467208862, 0.056498799473047256, 0.027069848030805588, -0.2736838459968567, -0.04776191711425781, 0.11845449358224869, 0.23939137160778046, -1.3127972972673314, -1.0672925568702567, 20.3411112145007, 9362.0, 17039.0, 35388.0, 9362.0, 7.9140496253967285, 0.03136112540960312, -0.0047489190474152565, 0.3193572163581848, 0.0208335779607296, -0.07488634437322617, 0.997199296951294, -0.09431274980306625, -0.10231781005859375, 1.487548828125, 1.075927734375, 1.5919647216796875, 1.160888671875
58601, -0.030759058892726898, -0.06046577915549278, 0.10721452534198761, 0.14264914393424988, 0.08523887395858765, -1.0818146467208862, 0.056498799473047256, 0.027069848030805588, -0.2736838459968567, -0.04689955338835716, 0.11806417256593704, 0.24084623157978058, -1.0342313816545556, -2.03610973013636, 20.439700694030808, 9362.0, 17039.0, 35388.0, 9362.0, 7.9140496253967285, 0.23662979900836945, 0.07633283734321594, -0.24030272662639618, 0.019260233268141747, -0.07696076482534409, 0.9951086640357971, -0.09198213368654251, -0.11127853393554688, 1.48681640625, 1.07666015625, 1.58135986328125, 1.165283203125
58611, -0.029883073642849922, -0.06045366823673248, 0.10524549335241318, 0.14434875547885895, 0.08605340868234634, -1.0900392532348633, 0.05680784955620766, 0.02723144181072712, -0.27471306920051575, -0.04774962365627289, 0.11845937371253967, 0.23939242959022522, -1.2506164675620177, -1.1615757034362275, 20.324580498757342, 9362.0, 17039.0, 35388.0, 9362.0, 7.9140496253967285, -0.018908392637968063, 0.09364446997642517, 0.0643533319234848, 0.019344041123986244, -0.07690955698490143, 0.9946868419647217, -0.0788763016462326, -0.11127853393554688, 1.48681640625, 1.111083984375, 1.133758544921875, 1.191650390625
58821, -0.028564663603901863, -0.06128380820155144, 0.10992176085710526, 0.15415515005588531, 0.09075604379177094, -1.1373211145401, 0.05856325477361679, 0.028072575107216835, -0.2813062071800232, -0.04690440744161606, 0.1180497333407402, 0.24085772037506104, -1.1293201076775279, -2.0472852621779225, 20.429348003836882, 9362.0, 17039.0, 35388.0, 9362.0, 7.9140496253967285, -0.07336758822202682, -0.2384832352399826, 0.00829081330448389, 0.019237739965319633, -0.07627242058515549, 0.9973386526107788, -0.07340597361326218, -0.10231781005859375, 1.487548828125, 1.07373046875, 1.62420654296875, 1.182861328125
59011, -0.03622536361217499, -0.05988825485110283, 0.11701130121946335, 0.1642637699842453, 0.09559708088636398, -1.1856086254119873, 0.06034822389483452, 0.028906987980008125, -0.28711774945259094, -0.04689673334360123, 0.11805057525634766, 0.2408338338136673, -1.0512476987536363, -2.047067645475721, 20.433899247577468, 9362.0, 17039.0, 35388.0, 9362.0, 7.933885097503662, -0.03167945519089699, -0.11099208146333694, 0.024440832436084747, 0.019585514441132545, -0.07610845565795898, 0.998185932636261, -0.08034326881170273, 0.03208160400390625, 1.49853515625, 1.0224609375, 2.5086517333984375, 1.16162109375
59131, -0.034841034561395645, -0.05661042407155037, 0.10698488354682922, 0.17528587579727173, 0.10089877992868423, -1.2378252744674683, 0.062074244022369385, 0.030014416202902794, -0.292871356010437, -0.04774724319577217, 0.11846379190683365, 0.23935693502426147, -1.3078017071613433, -1.1732359465061108, 20.32058846013998, 9362.0, 17039.0, 35388.0, 9362.0, 7.9140496253967285, 0.05371701344847679, -0.021674999967217445, -0.25567105412483215, 0.02281981147825718, -0.07432819157838821, 0.9979720711708069, -0.049718186259269714, -0.07543754577636719, 1.48974609375, 1.030517578125, 2.3518829345703125, 1.1630859375
59301, -0.03513108566403389, -0.05492408201098442, 0.10395241528749466, 0.1859750598669052, 0.10608867555856705, -1.2882384061813354, 0.06371082365512848, 0.031037431210279465, -0.3001496195793152, -0.04688383266329765, 0.11803664267063141, 0.24086475372314453, -1.1232789992828207, -2.006753840268459, 20.43680437988689, 9362.0, 17039.0, 35388.0, 9362.0, 7.9140496253967285, -0.10245835036039352, -0.46125170588493347, 0.004337584134191275, 0.021520309150218964, -0.07608149945735931, 0.9952391982078552, -0.0475987009704113, -0.05751800537109375, 1.4912109375, 1.029052734375, 2.3798828125, 1.160888671875
59491, -0.03538554906845093, -0.05663050338625908, 0.10263418406248093, 0.19824647903442383, 0.11209830641746521, -1.3459200859069824, 0.06547635793685913, 0.0322163924574852, -0.30676308274269104, -0.0477190725505352, 0.11846436560153961, 0.23941382765769958, -1.2366888022122673, -1.1952764383952967, 20.327268445200822, 9362.0, 17039.0, 35388.0, 9362.0, 7.933885097503662, -0.19630081951618195, 0.40950629115104675, 0.356830358505249, 0.02031463198363781, -0.07442190498113632, 0.9969083070755005, -0.08083854615688324, -0.07543754577636719, 1.48974609375, 1.031982421875, 2.324127197265625, 1.196044921875
59821, -0.03887232020497322, -0.0504559725522995, 0.10551904141902924, 0.2176402062177658, 0.12169461697340012, -1.4363750219345093, 0.06818270683288574, 0.033996693789958954, -0.3165220320224762, -0.04687828570604324, 0.1180446669459343, 0.24089568853378296, -1.1187526451446121, -2.0547613377806613, 20.4460839769124, 9362.0, 17039.0, 35388.0, 9362.0, 7.9140496253967285, -0.003332527820020914, 0.13380961120128632, -0.10677818953990936, 0.019373396411538124, -0.07545284926891327, 0.995965838432312, -0.05362384021282196, -0.14711761474609375, 1.48388671875, 1.343994140625, 0.015899658203125, 1.1630859375
60031, -0.039954476058483124, -0.058454468846321106, 0.11295516788959503, 0.23427711427211761, 0.13004910945892334, -1.5134402513504028, 0.07055938243865967, 0.035616204142570496, -0.3251515030860901, -0.04776322841644287, 0.11846388876438141, 0.23940753936767578, -1.2486043837658807, -1.1601159175234272, 20.3189087436415, 9362.0, 17039.0, 35388.0, 9362.0, 7.9140496253967285, -0.1226005032658577, -0.09212188422679901, 0.24056798219680786, 0.02325144037604332, -0.07746222615242004, 0.9989714026451111, -0.08291558176279068, -0.10231781005859375, 1.487548828125, 1.012939453125, 2.7031097412109375, 1.16455078125
60041, -0.039230555295944214, -0.05899101868271828, 0.11233393847942352, 0.23427711427211761, 0.13004910945892334, -1.5134402513504028, 0.07055938243865967, 0.035616204142570496, -0.3251515030860901, -0.04775887355208397, 0.11845579743385315, 0.2393772304058075, -1.2685034308966252, -1.1039004015518117, 20.335694367355316, 9362.0, 17039.0, 35388.0, 9362.0, 7.9140496253967285, -0.1226005032658577, -0.09212188422679901, 0.24056798219680786, 0.01963648945093155, -0.07683207094669342, 0.9946310520172119, -0.08598889410495758, -0.06647872924804688, 1.490478515625, 1.012939453125, 2.7031097412109375, 1.162353515625
60141, -0.03856995701789856, -0.06100863963365555, 0.11608608812093735, 0.24281685054302216, 0.1343718022108078, -1.5526944398880005, 0.0717773586511612, 0.036425359547138214, -0.329622745513916, -0.046903111040592194, 0.1180620864033699, 0.24080732464790344, -1.0525656060687956, -2.015887399374151, 20.43341741132379, 9362.0, 17039.0, 35388.0, 9362.0, 7.9140496253967285, 0.00767400162294507, 0.16592079401016235, -0.08088797330856323, 0.02114586904644966, -0.07584670186042786, 0.9953575730323792, -0.0955672338604927, 0.08584022521972656, 1.5029296875, 1.338134765625, 0.01727294921875, 1.1630859375
61141, -0.037227075546979904, -0.1058841422200203, 0.12861403822898865, 0.32050207257270813, 0.17391394078731537, -1.8994457721710205, 0.08486612141132355, 0.04258183762431145, -0.3625304102897644, -0.04774362966418266, 0.1184609904885292, 0.2394164800643921, -1.2044754149504455, -1.1782234181147544, 20.31400210373574, 9362.0, 17039.0, 35388.0, 9362.0, 7.933885097503662, 0.011266998015344143, -0.2251114845275879, 0.016001345589756966, 0.01982714794576168, -0.0762733444571495, 0.9962711334228516, -0.3862479627132416, -0.12023735046386719, 1.486083984375, 1.07958984375, 1.539276123046875, 1.165283203125
61311, -0.037705082446336746, -0.1150544136762619, 0.13190549612045288, 0.3334336280822754, 0.18037515878677368, -1.9541761875152588, 0.0875716507434845, 0.043580055236816406, -0.3675399422645569, -0.04689604416489601, 0.11802076548337936, 0.2408442199230194, -1.0993815065645909, -2.036703346142531, 20.422944883377973, 9362.0, 17039.0, 35388.0, 9362.0, 7.9140496253967285, 0.09294287860393524, 0.3449423611164093, -0.07609671354293823, 0.0218827985227108, -0.0767814964056015, 0.9963749647140503, -0.10326191037893295, -0.07543754577636719, 1.48974609375, 1.078857421875, 1.5496978759765625, 1.16455078125
61381, -0.03884078189730644, -0.11851708590984344, 0.13637208938598633, 0.339610755443573, 0.1834416538476944, -1.980004072189331, 0.08892948180437088, 0.044033996760845184, -0.37053364515304565, -0.04775850847363472, 0.11853734403848648, 0.23947320878505707, -1.4062932488960107, -1.1694363778044021, 20.323360386688407, 9362.0, 17039.0, 35388.0, 9362.0, 7.933885097503662, -0.0625198632478714, 0.0854252427816391, 0.3318723440170288, 0.020118137821555138, -0.0764409750699997, 0.9946106672286987, -0.08796223253011703, -0.12023735046386719, 1.486083984375, 1.0810546875, 1.5185089111328125, 1.16455078125
61441, -0.039363592863082886, -0.11727782338857651, 0.1365521401166916, 0.34408262372016907, 0.18565155565738678, -1.9985933303833008, 0.08994651585817337, 0.0443614162504673, -0.3729465901851654, -0.04774254932999611, 0.11844063550233841, 0.23941069841384888, -1.2551730475379972, -1.180753483495522, 20.352199268721744, 9362.0, 17039.0, 35388.0, 9362.0, 7.9140496253967285, 0.17467063665390015, -0.36220914125442505, -0.05760003998875618, 0.020244570448994637, -0.07693827897310257, 0.9974840879440308, -0.06207262724637985, 0.1485614776611328, 1.508056640625, 1.3330078125, 0.0191650390625, 1.19091796875
61451, -0.03816705569624901, -0.11719942092895508, 0.13614490628242493, 0.3476966619491577, 0.1874312460422516, -2.0135393142700195, 0.09075340628623962, 0.04462530091404915, -0.3742541968822479, -0.04773114621639252, 0.11846930533647537, 0.23938855528831482, -1.1833931994850104, -1.2217286770624298, 20.322950277692165, 9362.0, 17039.0, 35388.0, 9362.0, 7.9140496253967285, 0.17467063665390015, -0.36220914125442505, -0.05760003998875618, 0.02059764228761196, -0.07725083082914352, 0.9959596991539001, -0.07714184373617172, -0.07543754577636719, 1.48974609375, 1.3330078125, 0.0191650390625, 1.19091796875
61731, -0.043820928782224655, -0.12400003522634506, 0.13797789812088013, 0.37390366196632385, 0.20019182562828064, -2.1198132038116455, 0.09646600484848022, 0.04654975235462189, -0.3851027488708496, -0.04774089157581329, 0.11847136914730072, 0.23941107094287872, -1.273895443777993, -1.1976984029982134, 20.32865283225409, 9362.0, 17039.0, 35388.0, 9362.0, 7.9140496253967285, 0.2067406177520752, -0.14164340496063232, 0.1661098301410675, 0.01987130008637905, -0.07600706070661545, 0.9949662685394287, -0.0740838348865509, 0.06792068481445312, 1.50146484375, 1.270751953125, 0.104522705078125, 1.163818359375
61981, -0.04683477804064751, -0.11258524656295776, 0.13515792787075043, 0.3986598551273346, 0.21207228302955627, -2.2169041633605957, 0.101487897336483, 0.04851842299103737, -0.3924770653247833, -0.04691259190440178, 0.11813836544752121, 0.2408624142408371, -1.2629944539900122, -1.949657964109747, 20.41077009484993, 9362.0, 17039.0, 35388.0, 9362.0, 7.9140496253967285, -0.14415307343006134, -0.047964949160814285, -0.2144678682088852, 0.019162839278578758, -0.07540707290172577, 0.9954267144203186, -0.08223813027143478, -0.08439826965332031, 1.489013671875, 1.327880859375, 0.0218353271484375, 1.16162109375
62041, -0.04827544465661049, -0.10912773758172989, 0.13470181822776794, 0.40478289127349854, 0.21499782800674438, -2.2405006885528564, 0.10260716080665588, 0.04900069162249565, -0.3940800428390503, -0.047740139067173004, 0.11845462769269943, 0.23940622806549072, -1.2839822336597233, -1.1375919681893265, 20.328056789314957, 9362.0, 17039.0, 35388.0, 9362.0, 7.9140496253967285, -0.10553693771362305, 0.23964567482471466, 0.07379230856895447, 0.01974821649491787, -0.0742589682340622, 0.9963351488113403, -0.07640742510557175, -0.05751800537109375, 1.4912109375, 1.273681640625, 0.0975494384765625, 1.166015625
62051, -0.0476909875869751, -0.10957444459199905, 0.13433440029621124, 0.40478289127349854, 0.21499782800674438, -2.2405006885528564, 0.10260716080665588, 0.04900069162249565, -0.3940800428390503, -0.04773880913853645, 0.11846406757831573, 0.2394031286239624, -1.2893101151455126, -1.1555240705343124, 20.320659988349153, 9362.0, 17039.0, 35388.0, 9362.0, 7.9140496253967285, -0.10553693771362305, 0.23964567482471466, 0.07379230856895447, 0.02015608362853527, -0.07443612813949585, 0.9961044192314148, -0.08761697262525558, -0.1291980743408203, 1.4853515625, 1.273681640625, 0.0975494384765625, 1.165283203125
63371, -0.052773553878068924, -0.08891989290714264, 0.1551106870174408, 0.5572741627693176, 0.287880003452301, -2.795672655105591, 0.1256561577320099, 0.06076827645301819, -0.43963387608528137, -0.04776722937822342, 0.11846356838941574, 0.23936545848846436, -1.2961203804967867, -1.1071973981229632, 20.344521602900116, 9362.0, 17039.0, 35388.0, 9362.0, 7.9140496253967285, -0.03820234164595604, -0.26557180285453796, -0.1382928490638733, 0.021481066942214966, -0.07544011622667313, 0.9964203238487244, -0.09640273451805115, -0.10231781005859375, 1.487548828125, 1.224609375, 0.260162353515625, 1.1630859375
63391, -0.0513148233294487, -0.09097305685281754, 0.15603511035442352, 0.559790313243866, 0.2890971899032593, -2.8044705390930176, 0.12596242129802704, 0.06094921752810478, -0.4400671124458313, -0.046945590525865555, 0.11810895800590515, 0.24084459245204926, -1.27642327082828, -1.9521042919361378, 20.40047975917187, 9362.0, 17039.0, 35388.0, 9362.0, 7.9140496253967285, -0.11273032426834106, 0.23083144426345825, 0.04540294408798218, 0.020953834056854248, -0.07555586099624634, 0.9981306195259094, -0.08162279427051544, -0.10231781005859375, 1.487548828125, 1.27001953125, 0.10626220703125, 1.16162109375
63441, -0.051147233694791794, -0.09133225679397583, 0.15720126032829285, 0.5661079287528992, 0.2921557128429413, -2.826507568359375, 0.12674222886562347, 0.061388157308101654, -0.4415220022201538, -0.04773809760808945, 0.11844676733016968, 0.23941434919834137, -1.2410249520459373, -1.167241333124764, 20.31930160035351, 9362.0, 17039.0, 35388.0, 9362.0, 7.9140496253967285, -0.04309011250734329, -0.1512438952922821, -0.15023957192897797, 0.018847735598683357, -0.0762709304690361, 0.995718777179718, -0.08808937668800354, -0.1739978790283203, 1.481689453125, 1.27587890625, 0.092620849609375, 1.16162109375
63511, -0.05371392145752907, -0.09620257467031479, 0.1609668880701065, 0.5750176906585693, 0.29647427797317505, -2.8575193881988525, 0.1278325915336609, 0.06200501322746277, -0.4446028470993042, -0.04775037616491318, 0.11846637725830078, 0.23940007388591766, -1.2054407943051226, -1.1936432516036746, 20.32794576389528, 9362.0, 17039.0, 35388.0, 9362.0, 7.9140496253967285, -0.1743493676185608, -0.26255103945732117, -0.18047696352005005, 0.019699493423104286, -0.07640758901834488, 0.9972676038742065, -0.09106490015983582, -0.10231781005859375, 1.487548828125, 1.266357421875, 0.1154937744140625, 1.166015625
63611, -0.058962270617485046, -0.09831184148788452, 0.1659172922372818, 0.5852958559989929, 0.30146512389183044, -2.8931915760040283, 0.12911807000637054, 0.06277242302894592, -0.44781696796417236, -0.046937037259340286, 0.11814557015895844, 0.24081459641456604, -1.1481930621028018, -1.9316043545297532, 20.38881159474567, 9362.0, 17039.0, 35388.0, 9362.0, 7.9140496253967285, -0.36286434531211853, 0.44437745213508606, 0.18646323680877686, 0.018631117418408394, -0.07745376229286194, 0.9955269694328308, -0.068184494972229, -0.07543754577636719, 1.48974609375, 1.270751953125, 0.104522705078125, 1.168212890625
63651, -0.05646273493766785, -0.10035150498151779, 0.16792142391204834, 0.5930727124214172, 0.30524927377700806, -2.9201343059539795, 0.13012713193893433, 0.06336650997400284, -0.45026302337646484, -0.046890828758478165, 0.11803263425827026, 0.24083440005779266, -1.0617713654181407, -2.0664657240865267, 20.417884126078455, 9362.0, 17039.0, 35388.0, 9362.0, 7.9140496253967285, -0.004902438726276159, -0.27748602628707886, -0.3345160186290741, 0.019930632784962654, -0.0757400169968605, 0.999366819858551, -0.05162390321493149, 0.30088043212890625, 1.5205078125, 1.31982421875, 0.0273590087890625, 1.16162109375
63681, -0.05571860074996948, -0.09819303452968597, 0.16882091760635376, 0.5969842672348022, 0.30715465545654297, -2.933649778366089, 0.13064077496528625, 0.06365840882062912, -0.451033353805542, -0.04776466637849808, 0.11845311522483826, 0.23940110206604004, -1.261761281828572, -1.1650319726637974, 20.334350429982113, 9362.0, 17039.0, 35388.0, 9362.0, 7.9140496253967285, -0.23786324262619019, -0.2541700005531311, 0.0327971950173378, 0.020550966262817383, -0.0764877051115036, 0.9966031908988953, -0.1490841805934906, -0.09335899353027344, 1.48828125, 1.31982421875, 0.0273590087890625, 1.162353515625
63901, -0.04505671560764313, -0.09360860288143158, 0.16653193533420563, 0.6194400787353516, 0.3181057870388031, -3.010807991027832, 0.13354751467704773, 0.0651230663061142, -0.4564659297466278, -0.04690399020910263, 0.11805374175310135, 0.2408551126718521, -1.0410809102102307, -2.0436668646905503, 20.416254309497933, 9362.0, 17039.0, 35388.0, 9362.0, 7.9140496253967285, -0.08702276647090912, 0.1591210663318634, 0.13198994100093842, 0.0219850055873394, -0.07626555860042572, 0.996990978717804, -0.1422538161277771, -0.04855918884277344, 1.491943359375, 1.146240234375, 0.7736968994140625, 1.160888671875
64041, -0.04222698509693146, -0.098796546459198, 0.1682300567626953, 0.6451084017753601, 0.3306162357330322, -3.0981030464172363, 0.1367005705833435